-- Nov 7, 2016 2:41:30 PM WIT
--  
INSERT INTO Z_WFScenario (Z_WFScenario_ID,AD_Org_ID,AD_Client_ID,C_Activity_ID,C_DocType_ID,Created,CreatedBy,GrandTotal,IsActive,IsAssetProject,Line,Updated,UpdatedBy,User1_ID,Value,CopyFrom) VALUES (1000130,0,1000001,1000011,550003,TO_DATE('2016-11-07 14:41:29','YYYY-MM-DD HH24:MI:SS'),100,0,'Y','N',0,TO_DATE('2016-11-07 14:41:29','YYYY-MM-DD HH24:MI:SS'),100,1001049,'ER activity-6 Accounting > 3jt','N')
;

-- Nov 7, 2016 2:41:55 PM WIT
--  
UPDATE Z_WFScenario SET GrandTotal=3000000.000000000000, Line=100.000000000000,Updated=TO_DATE('2016-11-07 14:41:55','YYYY-MM-DD HH24:MI:SS'),UpdatedBy=100 WHERE Z_WFScenario_ID=1000111
;

-- Nov 7, 2016 2:42:06 PM WIT
--  
UPDATE Z_WFScenario SET Line=10.000000000000,Updated=TO_DATE('2016-11-07 14:42:06','YYYY-MM-DD HH24:MI:SS'),UpdatedBy=100 WHERE Z_WFScenario_ID=1000111
;

-- Nov 7, 2016 2:42:15 PM WIT
--  
INSERT INTO Z_WFScenarioLine (Z_WFScenario_ID,CreatedBy,GrandTotal,AD_Org_ID,AD_WF_Responsible_ID,Created,IsActive,Line,UpdatedBy,Updated,Z_WFScenarioLine_ID,AD_Client_ID) VALUES (1000130,100,-2.000000000000,0,550214,TO_DATE('2016-11-07 14:42:15','YYYY-MM-DD HH24:MI:SS'),'Y',0,100,TO_DATE('2016-11-07 14:42:15','YYYY-MM-DD HH24:MI:SS'),1000239,1000001)
;

-- Nov 7, 2016 2:42:15 PM WIT
--  
INSERT INTO Z_WFScenarioLine (Z_WFScenario_ID,CreatedBy,GrandTotal,AD_Org_ID,AD_WF_Responsible_ID,Created,IsActive,Line,UpdatedBy,Updated,Z_WFScenarioLine_ID,AD_Client_ID) VALUES (1000130,100,-1.000000000000,0,550233,TO_DATE('2016-11-07 14:42:15','YYYY-MM-DD HH24:MI:SS'),'Y',10,100,TO_DATE('2016-11-07 14:42:15','YYYY-MM-DD HH24:MI:SS'),1000240,1000001)
;

-- Nov 7, 2016 2:42:15 PM WIT
--  
INSERT INTO Z_WFScenarioLine (Z_WFScenario_ID,CreatedBy,GrandTotal,AD_Org_ID,AD_WF_Responsible_ID,Created,IsActive,Line,UpdatedBy,Updated,Z_WFScenarioLine_ID,AD_Client_ID) VALUES (1000130,100,3000000.000000000000,0,550217,TO_DATE('2016-11-07 14:42:15','YYYY-MM-DD HH24:MI:SS'),'Y',20,100,TO_DATE('2016-11-07 14:42:15','YYYY-MM-DD HH24:MI:SS'),1000241,1000001)
;

-- Nov 7, 2016 2:42:43 PM WIT
--  
DELETE FROM Z_WFScenarioLine WHERE Z_WFScenarioLine_ID=1000240
;

-- Nov 7, 2016 2:42:59 PM WIT
--  
UPDATE Z_WFScenarioLine SET GrandTotal=-1.000000000000,Updated=TO_DATE('2016-11-07 14:42:59','YYYY-MM-DD HH24:MI:SS'),UpdatedBy=100 WHERE Z_WFScenarioLine_ID=1000241
;

-- Nov 7, 2016 2:43:23 PM WIT
--  
DELETE FROM Z_WFScenarioLine WHERE Z_WFScenarioLine_ID=1000220
;

-- Nov 7, 2016 2:44:52 PM WIT
--  
UPDATE Z_WFScenario SET GrandTotal=3000000.000000000000, Line=10.000000000000,Updated=TO_DATE('2016-11-07 14:44:52','YYYY-MM-DD HH24:MI:SS'),UpdatedBy=100 WHERE Z_WFScenario_ID=1000128
;

-- Nov 7, 2016 2:45:04 PM WIT
--  
INSERT INTO Z_WFScenario (Z_WFScenario_ID,AD_Org_ID,AD_Client_ID,C_Activity_ID,C_DocType_ID,Created,CreatedBy,GrandTotal,IsActive,IsAssetProject,Line,Updated,UpdatedBy,User1_ID,Value,CopyFrom) VALUES (1000131,0,1000001,1000011,550003,TO_DATE('2016-11-07 14:45:04','YYYY-MM-DD HH24:MI:SS'),100,0,'Y','N',0,TO_DATE('2016-11-07 14:45:04','YYYY-MM-DD HH24:MI:SS'),100,1001163,'ER activity-6 Assistan > 3jt','N')
;

-- Nov 7, 2016 2:45:10 PM WIT
--  
INSERT INTO Z_WFScenarioLine (Z_WFScenario_ID,CreatedBy,GrandTotal,AD_Org_ID,AD_WF_Responsible_ID,Created,IsActive,Line,UpdatedBy,Updated,Z_WFScenarioLine_ID,AD_Client_ID) VALUES (1000131,100,-1.000000000000,0,550214,TO_DATE('2016-11-07 14:45:10','YYYY-MM-DD HH24:MI:SS'),'Y',0,100,TO_DATE('2016-11-07 14:45:10','YYYY-MM-DD HH24:MI:SS'),1000242,1000001)
;

-- Nov 7, 2016 2:45:10 PM WIT
--  
INSERT INTO Z_WFScenarioLine (Z_WFScenario_ID,CreatedBy,GrandTotal,AD_Org_ID,AD_WF_Responsible_ID,Created,IsActive,Line,UpdatedBy,Updated,Z_WFScenarioLine_ID,AD_Client_ID) VALUES (1000131,100,-1.000000000000,0,550233,TO_DATE('2016-11-07 14:45:10','YYYY-MM-DD HH24:MI:SS'),'Y',10,100,TO_DATE('2016-11-07 14:45:10','YYYY-MM-DD HH24:MI:SS'),1000243,1000001)
;

-- Nov 7, 2016 2:45:10 PM WIT
--  
INSERT INTO Z_WFScenarioLine (Z_WFScenario_ID,CreatedBy,GrandTotal,AD_Org_ID,AD_WF_Responsible_ID,Created,IsActive,Line,UpdatedBy,Updated,Z_WFScenarioLine_ID,AD_Client_ID) VALUES (1000131,100,3000000.000000000000,0,550228,TO_DATE('2016-11-07 14:45:10','YYYY-MM-DD HH24:MI:SS'),'Y',20,100,TO_DATE('2016-11-07 14:45:10','YYYY-MM-DD HH24:MI:SS'),1000244,1000001)
;

-- Nov 7, 2016 2:45:23 PM WIT
--  
DELETE FROM Z_WFScenarioLine WHERE Z_WFScenarioLine_ID=1000243
;

-- Nov 7, 2016 2:45:32 PM WIT
--  
UPDATE Z_WFScenarioLine SET GrandTotal=-1.000000000000,Updated=TO_DATE('2016-11-07 14:45:32','YYYY-MM-DD HH24:MI:SS'),UpdatedBy=100 WHERE Z_WFScenarioLine_ID=1000244
;

-- Nov 7, 2016 2:45:49 PM WIT
--  
DELETE FROM Z_WFScenarioLine WHERE Z_WFScenarioLine_ID=1000221
;

-- Nov 7, 2016 2:46:10 PM WIT
--  
UPDATE Z_WFScenario SET GrandTotal=3000000.000000000000, Line=10.000000000000,Updated=TO_DATE('2016-11-07 14:46:10','YYYY-MM-DD HH24:MI:SS'),UpdatedBy=100 WHERE Z_WFScenario_ID=1000118
;

-- Nov 7, 2016 2:46:16 PM WIT
--  
INSERT INTO Z_WFScenarioLine (Z_WFScenario_ID,CreatedBy,GrandTotal,AD_Org_ID,AD_WF_Responsible_ID,Created,IsActive,Line,UpdatedBy,Updated,Z_WFScenarioLine_ID,AD_Client_ID) VALUES (1000118,100,-1.000000000000,0,550214,TO_DATE('2016-11-07 14:46:16','YYYY-MM-DD HH24:MI:SS'),'Y',0,100,TO_DATE('2016-11-07 14:46:16','YYYY-MM-DD HH24:MI:SS'),1000245,1000001)
;

-- Nov 7, 2016 2:46:16 PM WIT
--  
INSERT INTO Z_WFScenarioLine (Z_WFScenario_ID,CreatedBy,GrandTotal,AD_Org_ID,AD_WF_Responsible_ID,Created,IsActive,Line,UpdatedBy,Updated,Z_WFScenarioLine_ID,AD_Client_ID) VALUES (1000118,100,-1.000000000000,0,550233,TO_DATE('2016-11-07 14:46:16','YYYY-MM-DD HH24:MI:SS'),'Y',10,100,TO_DATE('2016-11-07 14:46:16','YYYY-MM-DD HH24:MI:SS'),1000246,1000001)
;

-- Nov 7, 2016 2:46:16 PM WIT
--  
INSERT INTO Z_WFScenarioLine (Z_WFScenario_ID,CreatedBy,GrandTotal,AD_Org_ID,AD_WF_Responsible_ID,Created,IsActive,Line,UpdatedBy,Updated,Z_WFScenarioLine_ID,AD_Client_ID) VALUES (1000118,100,3000000.000000000000,0,550220,TO_DATE('2016-11-07 14:46:16','YYYY-MM-DD HH24:MI:SS'),'Y',20,100,TO_DATE('2016-11-07 14:46:16','YYYY-MM-DD HH24:MI:SS'),1000247,1000001)
;

-- Nov 7, 2016 2:46:39 PM WIT
--  
DELETE FROM Z_WFScenarioLine WHERE Z_WFScenarioLine_ID=1000247
;

-- Nov 7, 2016 2:46:46 PM WIT
--  
DELETE FROM Z_WFScenarioLine WHERE Z_WFScenarioLine_ID=1000246
;

-- Nov 7, 2016 2:46:51 PM WIT
--  
DELETE FROM Z_WFScenarioLine WHERE Z_WFScenarioLine_ID=1000245
;

-- Nov 7, 2016 2:47:16 PM WIT
--  
INSERT INTO Z_WFScenario (Z_WFScenario_ID,AD_Org_ID,AD_Client_ID,C_Activity_ID,C_DocType_ID,Created,CreatedBy,GrandTotal,IsActive,IsAssetProject,Line,Updated,UpdatedBy,User1_ID,Value,CopyFrom) VALUES (1000132,0,1000001,1000011,550003,TO_DATE('2016-11-07 14:47:16','YYYY-MM-DD HH24:MI:SS'),100,0,'Y','N',0,TO_DATE('2016-11-07 14:47:16','YYYY-MM-DD HH24:MI:SS'),100,1001052,'ER activity-6 Delivery > 3jt','N')
;

-- Nov 7, 2016 2:47:20 PM WIT
--  
INSERT INTO Z_WFScenarioLine (Z_WFScenario_ID,CreatedBy,GrandTotal,AD_Org_ID,AD_WF_Responsible_ID,Created,IsActive,Line,UpdatedBy,Updated,Z_WFScenarioLine_ID,AD_Client_ID) VALUES (1000132,100,-1.000000000000,0,550214,TO_DATE('2016-11-07 14:47:20','YYYY-MM-DD HH24:MI:SS'),'Y',0,100,TO_DATE('2016-11-07 14:47:20','YYYY-MM-DD HH24:MI:SS'),1000248,1000001)
;

-- Nov 7, 2016 2:47:20 PM WIT
--  
INSERT INTO Z_WFScenarioLine (Z_WFScenario_ID,CreatedBy,GrandTotal,AD_Org_ID,AD_WF_Responsible_ID,Created,IsActive,Line,UpdatedBy,Updated,Z_WFScenarioLine_ID,AD_Client_ID) VALUES (1000132,100,-1.000000000000,0,550233,TO_DATE('2016-11-07 14:47:20','YYYY-MM-DD HH24:MI:SS'),'Y',10,100,TO_DATE('2016-11-07 14:47:20','YYYY-MM-DD HH24:MI:SS'),1000249,1000001)
;

-- Nov 7, 2016 2:47:21 PM WIT
--  
INSERT INTO Z_WFScenarioLine (Z_WFScenario_ID,CreatedBy,GrandTotal,AD_Org_ID,AD_WF_Responsible_ID,Created,IsActive,Line,UpdatedBy,Updated,Z_WFScenarioLine_ID,AD_Client_ID) VALUES (1000132,100,3000000.000000000000,0,550220,TO_DATE('2016-11-07 14:47:20','YYYY-MM-DD HH24:MI:SS'),'Y',20,100,TO_DATE('2016-11-07 14:47:20','YYYY-MM-DD HH24:MI:SS'),1000250,1000001)
;

-- Nov 7, 2016 2:47:27 PM WIT
--  
DELETE FROM Z_WFScenarioLine WHERE Z_WFScenarioLine_ID=1000249
;

-- Nov 7, 2016 2:47:31 PM WIT
--  
UPDATE Z_WFScenarioLine SET GrandTotal=-1.000000000000,Updated=TO_DATE('2016-11-07 14:47:31','YYYY-MM-DD HH24:MI:SS'),UpdatedBy=100 WHERE Z_WFScenarioLine_ID=1000250
;

-- Nov 7, 2016 2:47:42 PM WIT
--  
DELETE FROM Z_WFScenarioLine WHERE Z_WFScenarioLine_ID=1000225
;

-- Nov 7, 2016 2:47:57 PM WIT
--  
UPDATE Z_WFScenario SET GrandTotal=3000000.000000000000, Line=10.000000000000,Updated=TO_DATE('2016-11-07 14:47:57','YYYY-MM-DD HH24:MI:SS'),UpdatedBy=100 WHERE Z_WFScenario_ID=1000114
;

-- Nov 7, 2016 2:48:05 PM WIT
--  
INSERT INTO Z_WFScenario (Z_WFScenario_ID,AD_Org_ID,AD_Client_ID,C_Activity_ID,C_DocType_ID,Created,CreatedBy,GrandTotal,IsActive,IsAssetProject,Line,Updated,UpdatedBy,User1_ID,Value,CopyFrom) VALUES (1000133,0,1000001,1000011,550003,TO_DATE('2016-11-07 14:48:05','YYYY-MM-DD HH24:MI:SS'),100,0,'Y','N',0,TO_DATE('2016-11-07 14:48:05','YYYY-MM-DD HH24:MI:SS'),100,1001162,'ER activity-6 Director > 3jt','N')
;

-- Nov 7, 2016 2:48:09 PM WIT
--  
INSERT INTO Z_WFScenarioLine (Z_WFScenario_ID,CreatedBy,GrandTotal,AD_Org_ID,AD_WF_Responsible_ID,Created,IsActive,Line,UpdatedBy,Updated,Z_WFScenarioLine_ID,AD_Client_ID) VALUES (1000133,100,-1.000000000000,0,550214,TO_DATE('2016-11-07 14:48:09','YYYY-MM-DD HH24:MI:SS'),'Y',0,100,TO_DATE('2016-11-07 14:48:09','YYYY-MM-DD HH24:MI:SS'),1000251,1000001)
;

-- Nov 7, 2016 2:48:09 PM WIT
--  
INSERT INTO Z_WFScenarioLine (Z_WFScenario_ID,CreatedBy,GrandTotal,AD_Org_ID,AD_WF_Responsible_ID,Created,IsActive,Line,UpdatedBy,Updated,Z_WFScenarioLine_ID,AD_Client_ID) VALUES (1000133,100,-1.000000000000,0,550201,TO_DATE('2016-11-07 14:48:09','YYYY-MM-DD HH24:MI:SS'),'Y',10,100,TO_DATE('2016-11-07 14:48:09','YYYY-MM-DD HH24:MI:SS'),1000252,1000001)
;

-- Nov 7, 2016 2:48:51 PM WIT
--  
UPDATE Z_WFScenario SET GrandTotal=3000000.000000000000, Line=10.000000000000,Updated=TO_DATE('2016-11-07 14:48:51','YYYY-MM-DD HH24:MI:SS'),UpdatedBy=100 WHERE Z_WFScenario_ID=1000110
;

-- Nov 7, 2016 2:48:59 PM WIT
--  
INSERT INTO Z_WFScenario (Z_WFScenario_ID,AD_Org_ID,AD_Client_ID,C_Activity_ID,C_DocType_ID,Created,CreatedBy,GrandTotal,IsActive,IsAssetProject,Line,Updated,UpdatedBy,User1_ID,Value,CopyFrom) VALUES (1000134,0,1000001,1000011,550003,TO_DATE('2016-11-07 14:48:59','YYYY-MM-DD HH24:MI:SS'),100,0,'Y','N',0,TO_DATE('2016-11-07 14:48:59','YYYY-MM-DD HH24:MI:SS'),100,1001048,'ER activity-6 Finance > 3jt','N')
;

-- Nov 7, 2016 2:49:03 PM WIT
--  
INSERT INTO Z_WFScenarioLine (Z_WFScenario_ID,CreatedBy,GrandTotal,AD_Org_ID,AD_WF_Responsible_ID,Created,IsActive,Line,UpdatedBy,Updated,Z_WFScenarioLine_ID,AD_Client_ID) VALUES (1000134,100,-2.000000000000,0,550214,TO_DATE('2016-11-07 14:49:03','YYYY-MM-DD HH24:MI:SS'),'Y',0,100,TO_DATE('2016-11-07 14:49:03','YYYY-MM-DD HH24:MI:SS'),1000253,1000001)
;

-- Nov 7, 2016 2:49:03 PM WIT
--  
INSERT INTO Z_WFScenarioLine (Z_WFScenario_ID,CreatedBy,GrandTotal,AD_Org_ID,AD_WF_Responsible_ID,Created,IsActive,Line,UpdatedBy,Updated,Z_WFScenarioLine_ID,AD_Client_ID) VALUES (1000134,100,-1.000000000000,0,550233,TO_DATE('2016-11-07 14:49:03','YYYY-MM-DD HH24:MI:SS'),'Y',10,100,TO_DATE('2016-11-07 14:49:03','YYYY-MM-DD HH24:MI:SS'),1000254,1000001)
;

-- Nov 7, 2016 2:49:03 PM WIT
--  
INSERT INTO Z_WFScenarioLine (Z_WFScenario_ID,CreatedBy,GrandTotal,AD_Org_ID,AD_WF_Responsible_ID,Created,IsActive,Line,UpdatedBy,Updated,Z_WFScenarioLine_ID,AD_Client_ID) VALUES (1000134,100,3000000.000000000000,0,550216,TO_DATE('2016-11-07 14:49:03','YYYY-MM-DD HH24:MI:SS'),'Y',20,100,TO_DATE('2016-11-07 14:49:03','YYYY-MM-DD HH24:MI:SS'),1000255,1000001)
;

-- Nov 7, 2016 2:49:10 PM WIT
--  
DELETE FROM Z_WFScenarioLine WHERE Z_WFScenarioLine_ID=1000254
;

-- Nov 7, 2016 2:49:15 PM WIT
--  
UPDATE Z_WFScenarioLine SET GrandTotal=-1.000000000000,Updated=TO_DATE('2016-11-07 14:49:15','YYYY-MM-DD HH24:MI:SS'),UpdatedBy=100 WHERE Z_WFScenarioLine_ID=1000255
;

-- Nov 7, 2016 2:49:23 PM WIT
--  
DELETE FROM Z_WFScenarioLine WHERE Z_WFScenarioLine_ID=1000226
;

-- Nov 7, 2016 2:49:52 PM WIT
--  
UPDATE Z_WFScenario SET GrandTotal=3000000.000000000000, Line=10.000000000000,Updated=TO_DATE('2016-11-07 14:49:52','YYYY-MM-DD HH24:MI:SS'),UpdatedBy=100 WHERE Z_WFScenario_ID=1000119
;

-- Nov 7, 2016 2:50:01 PM WIT
--  
INSERT INTO Z_WFScenario (Z_WFScenario_ID,AD_Org_ID,AD_Client_ID,C_Activity_ID,C_DocType_ID,Created,CreatedBy,GrandTotal,IsActive,IsAssetProject,Line,Updated,UpdatedBy,User1_ID,Value,CopyFrom) VALUES (1000135,0,1000001,1000011,550003,TO_DATE('2016-11-07 14:50:01','YYYY-MM-DD HH24:MI:SS'),100,0,'Y','N',0,TO_DATE('2016-11-07 14:50:01','YYYY-MM-DD HH24:MI:SS'),100,1001053,'ER activity-6 GA > 3jt','N')
;

-- Nov 7, 2016 2:50:05 PM WIT
--  
INSERT INTO Z_WFScenarioLine (Z_WFScenario_ID,CreatedBy,GrandTotal,AD_Org_ID,AD_WF_Responsible_ID,Created,IsActive,Line,UpdatedBy,Updated,Z_WFScenarioLine_ID,AD_Client_ID) VALUES (1000135,100,0,0,550214,TO_DATE('2016-11-07 14:50:05','YYYY-MM-DD HH24:MI:SS'),'Y',0,100,TO_DATE('2016-11-07 14:50:05','YYYY-MM-DD HH24:MI:SS'),1000256,1000001)
;

-- Nov 7, 2016 2:50:05 PM WIT
--  
INSERT INTO Z_WFScenarioLine (Z_WFScenario_ID,CreatedBy,GrandTotal,AD_Org_ID,AD_WF_Responsible_ID,Created,IsActive,Line,UpdatedBy,Updated,Z_WFScenarioLine_ID,AD_Client_ID) VALUES (1000135,100,0,0,550233,TO_DATE('2016-11-07 14:50:05','YYYY-MM-DD HH24:MI:SS'),'Y',10,100,TO_DATE('2016-11-07 14:50:05','YYYY-MM-DD HH24:MI:SS'),1000257,1000001)
;

-- Nov 7, 2016 2:50:05 PM WIT
--  
INSERT INTO Z_WFScenarioLine (Z_WFScenario_ID,CreatedBy,GrandTotal,AD_Org_ID,AD_WF_Responsible_ID,Created,IsActive,Line,UpdatedBy,Updated,Z_WFScenarioLine_ID,AD_Client_ID) VALUES (1000135,100,3000000.000000000000,0,550221,TO_DATE('2016-11-07 14:50:05','YYYY-MM-DD HH24:MI:SS'),'Y',20,100,TO_DATE('2016-11-07 14:50:05','YYYY-MM-DD HH24:MI:SS'),1000258,1000001)
;

-- Nov 7, 2016 2:50:38 PM WIT
--  
INSERT INTO C_Activity (C_Activity_ID,Value,IsSummary,C_Activity_UU,Updated,IsActive,Created,Name,AD_Org_ID,UpdatedBy,CreatedBy,AD_Client_ID) VALUES (1000014,'ER-activity-9','N','d16a6954-cc85-40aa-a9c4-4ad1acce14ee',TO_DATE('2016-11-07 14:50:38','YYYY-MM-DD HH24:MI:SS'),'Y',TO_DATE('2016-11-07 14:50:38','YYYY-MM-DD HH24:MI:SS'),'ER-activity-9',0,100,100,1000001)
;

-- Nov 7, 2016 2:50:39 PM WIT
--  
INSERT INTO C_Activity_Trl (AD_Language,C_Activity_ID, Help,Description,Name, IsTranslated,AD_Client_ID,AD_Org_ID,Created,Createdby,Updated,UpdatedBy,C_Activity_Trl_UU ) SELECT l.AD_Language,t.C_Activity_ID, t.Help,t.Description,t.Name, 'N',t.AD_Client_ID,t.AD_Org_ID,t.Created,t.Createdby,t.Updated,t.UpdatedBy,Generate_UUID() FROM AD_Language l, C_Activity t WHERE l.IsActive='Y' AND l.IsSystemLanguage='Y' AND l.IsBaseLanguage='N' AND t.C_Activity_ID=1000014 AND NOT EXISTS (SELECT * FROM C_Activity_Trl tt WHERE tt.AD_Language=l.AD_Language AND tt.C_Activity_ID=t.C_Activity_ID)
;

-- Nov 7, 2016 2:50:39 PM WIT
--  
INSERT INTO AD_TreeNode (AD_Client_ID,AD_Org_ID, IsActive,Created,CreatedBy,Updated,UpdatedBy, AD_Tree_ID, Node_ID, Parent_ID, SeqNo, AD_TreeNode_UU) SELECT t.AD_Client_ID, 0, 'Y', SysDate, 100, SysDate, 100,t.AD_Tree_ID, 1000014, 0, 999, Generate_UUID() FROM AD_Tree t WHERE t.AD_Client_ID=1000001 AND t.IsActive='Y' AND t.IsAllNodes='Y' AND t.TreeType='AY' AND NOT EXISTS (SELECT * FROM AD_TreeNode e WHERE e.AD_Tree_ID=t.AD_Tree_ID AND Node_ID=1000014)
;

-- Nov 7, 2016 2:51:28 PM WIT
--  
DELETE FROM Z_WFScenarioLine WHERE Z_WFScenarioLine_ID=1000257
;

-- Nov 7, 2016 2:51:31 PM WIT
--  
UPDATE Z_WFScenarioLine SET GrandTotal=-1.000000000000,Updated=TO_DATE('2016-11-07 14:51:31','YYYY-MM-DD HH24:MI:SS'),UpdatedBy=100 WHERE Z_WFScenarioLine_ID=1000256
;

-- Nov 7, 2016 2:51:35 PM WIT
--  
UPDATE Z_WFScenarioLine SET GrandTotal=-1.000000000000,Updated=TO_DATE('2016-11-07 14:51:35','YYYY-MM-DD HH24:MI:SS'),UpdatedBy=100 WHERE Z_WFScenarioLine_ID=1000258
;

-- Nov 7, 2016 2:51:43 PM WIT
--  
DELETE FROM Z_WFScenarioLine WHERE Z_WFScenarioLine_ID=1000198
;

-- Nov 7, 2016 2:52:01 PM WIT
--  
UPDATE Z_WFScenarioLine SET GrandTotal=-1.000000000000,Updated=TO_DATE('2016-11-07 14:52:01','YYYY-MM-DD HH24:MI:SS'),UpdatedBy=100 WHERE Z_WFScenarioLine_ID=1000197
;

-- Nov 7, 2016 2:52:23 PM WIT
--  
UPDATE Z_WFScenarioLine SET GrandTotal=-1.000000000000, AD_WF_Responsible_ID=550233,Updated=TO_DATE('2016-11-07 14:52:23','YYYY-MM-DD HH24:MI:SS'),UpdatedBy=100 WHERE Z_WFScenarioLine_ID=1000227
;

-- Nov 7, 2016 2:52:44 PM WIT
--  
UPDATE Z_WFScenario SET GrandTotal=3000000.000000000000, Line=10.000000000000,Updated=TO_DATE('2016-11-07 14:52:44','YYYY-MM-DD HH24:MI:SS'),UpdatedBy=100 WHERE Z_WFScenario_ID=1000120
;

-- Nov 7, 2016 2:53:36 PM WIT
--  
INSERT INTO Z_WFScenario (Z_WFScenario_ID,AD_Org_ID,AD_Client_ID,C_Activity_ID,C_DocType_ID,Created,CreatedBy,GrandTotal,IsActive,IsAssetProject,Line,Updated,UpdatedBy,User1_ID,Value,CopyFrom) VALUES (1000136,0,1000001,1000011,550003,TO_DATE('2016-11-07 14:53:36','YYYY-MM-DD HH24:MI:SS'),100,0,'Y','N',0,TO_DATE('2016-11-07 14:53:36','YYYY-MM-DD HH24:MI:SS'),100,1001166,'ER activity-6 HeadSales >3jt','N')
;

-- Nov 7, 2016 2:53:42 PM WIT
--  
INSERT INTO Z_WFScenarioLine (Z_WFScenario_ID,CreatedBy,GrandTotal,AD_Org_ID,AD_WF_Responsible_ID,Created,IsActive,Line,UpdatedBy,Updated,Z_WFScenarioLine_ID,AD_Client_ID) VALUES (1000136,100,-1.000000000000,0,550214,TO_DATE('2016-11-07 14:53:42','YYYY-MM-DD HH24:MI:SS'),'Y',0,100,TO_DATE('2016-11-07 14:53:42','YYYY-MM-DD HH24:MI:SS'),1000259,1000001)
;

-- Nov 7, 2016 2:53:42 PM WIT
--  
INSERT INTO Z_WFScenarioLine (Z_WFScenario_ID,CreatedBy,GrandTotal,AD_Org_ID,AD_WF_Responsible_ID,Created,IsActive,Line,UpdatedBy,Updated,Z_WFScenarioLine_ID,AD_Client_ID) VALUES (1000136,100,-1.000000000000,0,550233,TO_DATE('2016-11-07 14:53:42','YYYY-MM-DD HH24:MI:SS'),'Y',10,100,TO_DATE('2016-11-07 14:53:42','YYYY-MM-DD HH24:MI:SS'),1000260,1000001)
;

-- Nov 7, 2016 2:53:42 PM WIT
--  
INSERT INTO Z_WFScenarioLine (Z_WFScenario_ID,CreatedBy,GrandTotal,AD_Org_ID,AD_WF_Responsible_ID,Created,IsActive,Line,UpdatedBy,Updated,Z_WFScenarioLine_ID,AD_Client_ID) VALUES (1000136,100,3000000.000000000000,0,550230,TO_DATE('2016-11-07 14:53:42','YYYY-MM-DD HH24:MI:SS'),'Y',20,100,TO_DATE('2016-11-07 14:53:42','YYYY-MM-DD HH24:MI:SS'),1000261,1000001)
;

-- Nov 7, 2016 2:53:49 PM WIT
--  
DELETE FROM Z_WFScenarioLine WHERE Z_WFScenarioLine_ID=1000260
;

-- Nov 7, 2016 2:53:54 PM WIT
--  
UPDATE Z_WFScenarioLine SET GrandTotal=-1.000000000000,Updated=TO_DATE('2016-11-07 14:53:54','YYYY-MM-DD HH24:MI:SS'),UpdatedBy=100 WHERE Z_WFScenarioLine_ID=1000261
;

-- Nov 7, 2016 2:54:03 PM WIT
--  
DELETE FROM Z_WFScenarioLine WHERE Z_WFScenarioLine_ID=1000228
;

-- Nov 7, 2016 2:54:17 PM WIT
--  
UPDATE Z_WFScenario SET GrandTotal=3000000.000000000000, Line=10.000000000000,Updated=TO_DATE('2016-11-07 14:54:17','YYYY-MM-DD HH24:MI:SS'),UpdatedBy=100 WHERE Z_WFScenario_ID=1000109
;

-- Nov 7, 2016 2:54:31 PM WIT
--  
INSERT INTO Z_WFScenario (Z_WFScenario_ID,AD_Org_ID,AD_Client_ID,C_Activity_ID,C_DocType_ID,Created,CreatedBy,GrandTotal,IsActive,IsAssetProject,Line,Updated,UpdatedBy,User1_ID,Value,CopyFrom) VALUES (1000137,0,1000001,1000011,550003,TO_DATE('2016-11-07 14:54:31','YYYY-MM-DD HH24:MI:SS'),100,0,'Y','N',0,TO_DATE('2016-11-07 14:54:31','YYYY-MM-DD HH24:MI:SS'),100,1001047,'ER activity-6 HRD > 3jt','N')
;

-- Nov 7, 2016 2:54:37 PM WIT
--  
INSERT INTO Z_WFScenarioLine (Z_WFScenario_ID,CreatedBy,GrandTotal,AD_Org_ID,AD_WF_Responsible_ID,Created,IsActive,Line,UpdatedBy,Updated,Z_WFScenarioLine_ID,AD_Client_ID) VALUES (1000137,100,-2.000000000000,0,550214,TO_DATE('2016-11-07 14:54:37','YYYY-MM-DD HH24:MI:SS'),'Y',0,100,TO_DATE('2016-11-07 14:54:37','YYYY-MM-DD HH24:MI:SS'),1000262,1000001)
;

-- Nov 7, 2016 2:54:37 PM WIT
--  
INSERT INTO Z_WFScenarioLine (Z_WFScenario_ID,CreatedBy,GrandTotal,AD_Org_ID,AD_WF_Responsible_ID,Created,IsActive,Line,UpdatedBy,Updated,Z_WFScenarioLine_ID,AD_Client_ID) VALUES (1000137,100,-1.000000000000,0,550233,TO_DATE('2016-11-07 14:54:37','YYYY-MM-DD HH24:MI:SS'),'Y',10,100,TO_DATE('2016-11-07 14:54:37','YYYY-MM-DD HH24:MI:SS'),1000263,1000001)
;

-- Nov 7, 2016 2:54:37 PM WIT
--  
INSERT INTO Z_WFScenarioLine (Z_WFScenario_ID,CreatedBy,GrandTotal,AD_Org_ID,AD_WF_Responsible_ID,Created,IsActive,Line,UpdatedBy,Updated,Z_WFScenarioLine_ID,AD_Client_ID) VALUES (1000137,100,3000000.000000000000,0,550215,TO_DATE('2016-11-07 14:54:37','YYYY-MM-DD HH24:MI:SS'),'Y',20,100,TO_DATE('2016-11-07 14:54:37','YYYY-MM-DD HH24:MI:SS'),1000264,1000001)
;

-- Nov 7, 2016 2:54:44 PM WIT
--  
DELETE FROM Z_WFScenarioLine WHERE Z_WFScenarioLine_ID=1000263
;

-- Nov 7, 2016 2:54:48 PM WIT
--  
UPDATE Z_WFScenarioLine SET GrandTotal=-1.000000000000,Updated=TO_DATE('2016-11-07 14:54:48','YYYY-MM-DD HH24:MI:SS'),UpdatedBy=100 WHERE Z_WFScenarioLine_ID=1000264
;

-- Nov 7, 2016 2:54:56 PM WIT
--  
DELETE FROM Z_WFScenarioLine WHERE Z_WFScenarioLine_ID=1000175
;

-- Nov 7, 2016 2:55:13 PM WIT
--  
UPDATE Z_WFScenario SET GrandTotal=3000000.000000000000, Line=10.000000000000,Updated=TO_DATE('2016-11-07 14:55:13','YYYY-MM-DD HH24:MI:SS'),UpdatedBy=100 WHERE Z_WFScenario_ID=1000117
;

-- Nov 7, 2016 2:55:21 PM WIT
--  
INSERT INTO Z_WFScenario (Z_WFScenario_ID,AD_Org_ID,AD_Client_ID,C_Activity_ID,C_DocType_ID,Created,CreatedBy,GrandTotal,IsActive,IsAssetProject,Line,Updated,UpdatedBy,User1_ID,Value,CopyFrom) VALUES (1000138,0,1000001,1000011,550003,TO_DATE('2016-11-07 14:55:21','YYYY-MM-DD HH24:MI:SS'),100,0,'Y','N',0,TO_DATE('2016-11-07 14:55:21','YYYY-MM-DD HH24:MI:SS'),100,1001051,'ER activity-6 IT >3jt','N')
;

-- Nov 7, 2016 2:55:26 PM WIT
--  
INSERT INTO Z_WFScenarioLine (Z_WFScenario_ID,CreatedBy,GrandTotal,AD_Org_ID,AD_WF_Responsible_ID,Created,IsActive,Line,UpdatedBy,Updated,Z_WFScenarioLine_ID,AD_Client_ID) VALUES (1000138,100,-1.000000000000,0,550214,TO_DATE('2016-11-07 14:55:26','YYYY-MM-DD HH24:MI:SS'),'Y',0,100,TO_DATE('2016-11-07 14:55:26','YYYY-MM-DD HH24:MI:SS'),1000265,1000001)
;

-- Nov 7, 2016 2:55:26 PM WIT
--  
INSERT INTO Z_WFScenarioLine (Z_WFScenario_ID,CreatedBy,GrandTotal,AD_Org_ID,AD_WF_Responsible_ID,Created,IsActive,Line,UpdatedBy,Updated,Z_WFScenarioLine_ID,AD_Client_ID) VALUES (1000138,100,-1.000000000000,0,550233,TO_DATE('2016-11-07 14:55:26','YYYY-MM-DD HH24:MI:SS'),'Y',10,100,TO_DATE('2016-11-07 14:55:26','YYYY-MM-DD HH24:MI:SS'),1000266,1000001)
;

-- Nov 7, 2016 2:55:26 PM WIT
--  
INSERT INTO Z_WFScenarioLine (Z_WFScenario_ID,CreatedBy,GrandTotal,AD_Org_ID,AD_WF_Responsible_ID,Created,IsActive,Line,UpdatedBy,Updated,Z_WFScenarioLine_ID,AD_Client_ID) VALUES (1000138,100,3000000.000000000000,0,550219,TO_DATE('2016-11-07 14:55:26','YYYY-MM-DD HH24:MI:SS'),'Y',20,100,TO_DATE('2016-11-07 14:55:26','YYYY-MM-DD HH24:MI:SS'),1000267,1000001)
;

-- Nov 7, 2016 2:55:32 PM WIT
--  
DELETE FROM Z_WFScenarioLine WHERE Z_WFScenarioLine_ID=1000266
;

-- Nov 7, 2016 2:55:38 PM WIT
--  
UPDATE Z_WFScenarioLine SET GrandTotal=-1.000000000000,Updated=TO_DATE('2016-11-07 14:55:38','YYYY-MM-DD HH24:MI:SS'),UpdatedBy=100 WHERE Z_WFScenarioLine_ID=1000267
;

-- Nov 7, 2016 2:55:45 PM WIT
--  
DELETE FROM Z_WFScenarioLine WHERE Z_WFScenarioLine_ID=1000229
;

-- Nov 7, 2016 2:56:01 PM WIT
--  
UPDATE Z_WFScenario SET GrandTotal=3000000.000000000000, Line=10.000000000000,Updated=TO_DATE('2016-11-07 14:56:01','YYYY-MM-DD HH24:MI:SS'),UpdatedBy=100 WHERE Z_WFScenario_ID=1000116
;

-- Nov 7, 2016 2:56:12 PM WIT
--  
INSERT INTO Z_WFScenario (Z_WFScenario_ID,AD_Org_ID,AD_Client_ID,C_Activity_ID,C_DocType_ID,Created,CreatedBy,GrandTotal,IsActive,IsAssetProject,Line,Updated,UpdatedBy,User1_ID,Value,CopyFrom) VALUES (1000139,0,1000001,1000011,550003,TO_DATE('2016-11-07 14:56:12','YYYY-MM-DD HH24:MI:SS'),100,0,'Y','N',0,TO_DATE('2016-11-07 14:56:12','YYYY-MM-DD HH24:MI:SS'),100,1001165,'ER activity-6 Logistic >3jt','N')
;

-- Nov 7, 2016 2:56:16 PM WIT
--  
INSERT INTO Z_WFScenarioLine (Z_WFScenario_ID,CreatedBy,GrandTotal,AD_Org_ID,AD_WF_Responsible_ID,Created,IsActive,Line,UpdatedBy,Updated,Z_WFScenarioLine_ID,AD_Client_ID) VALUES (1000139,100,-1.000000000000,0,550214,TO_DATE('2016-11-07 14:56:16','YYYY-MM-DD HH24:MI:SS'),'Y',0,100,TO_DATE('2016-11-07 14:56:16','YYYY-MM-DD HH24:MI:SS'),1000268,1000001)
;

-- Nov 7, 2016 2:56:16 PM WIT
--  
INSERT INTO Z_WFScenarioLine (Z_WFScenario_ID,CreatedBy,GrandTotal,AD_Org_ID,AD_WF_Responsible_ID,Created,IsActive,Line,UpdatedBy,Updated,Z_WFScenarioLine_ID,AD_Client_ID) VALUES (1000139,100,-1.000000000000,0,550233,TO_DATE('2016-11-07 14:56:16','YYYY-MM-DD HH24:MI:SS'),'Y',10,100,TO_DATE('2016-11-07 14:56:16','YYYY-MM-DD HH24:MI:SS'),1000269,1000001)
;

-- Nov 7, 2016 2:56:16 PM WIT
--  
INSERT INTO Z_WFScenarioLine (Z_WFScenario_ID,CreatedBy,GrandTotal,AD_Org_ID,AD_WF_Responsible_ID,Created,IsActive,Line,UpdatedBy,Updated,Z_WFScenarioLine_ID,AD_Client_ID) VALUES (1000139,100,3000000.000000000000,0,550231,TO_DATE('2016-11-07 14:56:16','YYYY-MM-DD HH24:MI:SS'),'Y',20,100,TO_DATE('2016-11-07 14:56:16','YYYY-MM-DD HH24:MI:SS'),1000270,1000001)
;

-- Nov 7, 2016 2:56:23 PM WIT
--  
DELETE FROM Z_WFScenarioLine WHERE Z_WFScenarioLine_ID=1000269
;

-- Nov 7, 2016 2:56:27 PM WIT
--  
UPDATE Z_WFScenarioLine SET GrandTotal=-1.000000000000,Updated=TO_DATE('2016-11-07 14:56:27','YYYY-MM-DD HH24:MI:SS'),UpdatedBy=100 WHERE Z_WFScenarioLine_ID=1000270
;

-- Nov 7, 2016 2:56:35 PM WIT
--  
DELETE FROM Z_WFScenarioLine WHERE Z_WFScenarioLine_ID=1000230
;

-- Nov 7, 2016 2:57:58 PM WIT
--  
UPDATE Z_WFScenario SET GrandTotal=3000000.000000000000, Line=10.000000000000,Updated=TO_DATE('2016-11-07 14:57:58','YYYY-MM-DD HH24:MI:SS'),UpdatedBy=100 WHERE Z_WFScenario_ID=1000121
;

-- Nov 7, 2016 2:58:04 PM WIT
--  
INSERT INTO Z_WFScenario (Z_WFScenario_ID,AD_Org_ID,AD_Client_ID,C_Activity_ID,C_DocType_ID,Created,CreatedBy,GrandTotal,IsActive,IsAssetProject,Line,Updated,UpdatedBy,User1_ID,Value,CopyFrom) VALUES (1000140,0,1000001,1000011,550003,TO_DATE('2016-11-07 14:58:04','YYYY-MM-DD HH24:MI:SS'),100,0,'Y','N',0,TO_DATE('2016-11-07 14:58:04','YYYY-MM-DD HH24:MI:SS'),100,1001167,'ER activity-6 SLS-JKT1 >3jt','N')
;

-- Nov 7, 2016 2:58:08 PM WIT
--  
INSERT INTO Z_WFScenarioLine (Z_WFScenario_ID,CreatedBy,GrandTotal,AD_Org_ID,AD_WF_Responsible_ID,Created,IsActive,Line,UpdatedBy,Updated,Z_WFScenarioLine_ID,AD_Client_ID) VALUES (1000140,100,-1.000000000000,0,550214,TO_DATE('2016-11-07 14:58:08','YYYY-MM-DD HH24:MI:SS'),'Y',0,100,TO_DATE('2016-11-07 14:58:08','YYYY-MM-DD HH24:MI:SS'),1000271,1000001)
;

-- Nov 7, 2016 2:58:08 PM WIT
--  
INSERT INTO Z_WFScenarioLine (Z_WFScenario_ID,CreatedBy,GrandTotal,AD_Org_ID,AD_WF_Responsible_ID,Created,IsActive,Line,UpdatedBy,Updated,Z_WFScenarioLine_ID,AD_Client_ID) VALUES (1000140,100,-1.000000000000,0,550233,TO_DATE('2016-11-07 14:58:08','YYYY-MM-DD HH24:MI:SS'),'Y',10,100,TO_DATE('2016-11-07 14:58:08','YYYY-MM-DD HH24:MI:SS'),1000272,1000001)
;

-- Nov 7, 2016 2:58:08 PM WIT
--  
INSERT INTO Z_WFScenarioLine (Z_WFScenario_ID,CreatedBy,GrandTotal,AD_Org_ID,AD_WF_Responsible_ID,Created,IsActive,Line,UpdatedBy,Updated,Z_WFScenarioLine_ID,AD_Client_ID) VALUES (1000140,100,3000000.000000000000,0,550222,TO_DATE('2016-11-07 14:58:08','YYYY-MM-DD HH24:MI:SS'),'Y',20,100,TO_DATE('2016-11-07 14:58:08','YYYY-MM-DD HH24:MI:SS'),1000273,1000001)
;

-- Nov 7, 2016 2:58:13 PM WIT
--  
DELETE FROM Z_WFScenarioLine WHERE Z_WFScenarioLine_ID=1000272
;

-- Nov 7, 2016 2:58:15 PM WIT
--  
UPDATE Z_WFScenarioLine SET GrandTotal=-1.000000000000,Updated=TO_DATE('2016-11-07 14:58:15','YYYY-MM-DD HH24:MI:SS'),UpdatedBy=100 WHERE Z_WFScenarioLine_ID=1000273
;

-- Nov 7, 2016 2:58:23 PM WIT
--  
DELETE FROM Z_WFScenarioLine WHERE Z_WFScenarioLine_ID=1000231
;

-- Nov 7, 2016 2:58:39 PM WIT
--  
UPDATE Z_WFScenario SET GrandTotal=3000000.000000000000, Line=10.000000000000,Updated=TO_DATE('2016-11-07 14:58:39','YYYY-MM-DD HH24:MI:SS'),UpdatedBy=100 WHERE Z_WFScenario_ID=1000122
;

-- Nov 7, 2016 2:58:49 PM WIT
--  
INSERT INTO Z_WFScenario (Z_WFScenario_ID,AD_Org_ID,AD_Client_ID,C_Activity_ID,C_DocType_ID,Created,CreatedBy,GrandTotal,IsActive,IsAssetProject,Line,Updated,UpdatedBy,User1_ID,Value,CopyFrom) VALUES (1000141,0,1000001,1000011,550003,TO_DATE('2016-11-07 14:58:49','YYYY-MM-DD HH24:MI:SS'),100,0,'Y','N',0,TO_DATE('2016-11-07 14:58:49','YYYY-MM-DD HH24:MI:SS'),100,1001167,'ER activity-6 SLS-JKT2 >3jt','N')
;

-- Nov 7, 2016 2:58:54 PM WIT
--  
INSERT INTO Z_WFScenarioLine (Z_WFScenario_ID,CreatedBy,GrandTotal,AD_Org_ID,AD_WF_Responsible_ID,Created,IsActive,Line,UpdatedBy,Updated,Z_WFScenarioLine_ID,AD_Client_ID) VALUES (1000141,100,-1.000000000000,0,550214,TO_DATE('2016-11-07 14:58:54','YYYY-MM-DD HH24:MI:SS'),'Y',0,100,TO_DATE('2016-11-07 14:58:54','YYYY-MM-DD HH24:MI:SS'),1000274,1000001)
;

-- Nov 7, 2016 2:58:54 PM WIT
--  
INSERT INTO Z_WFScenarioLine (Z_WFScenario_ID,CreatedBy,GrandTotal,AD_Org_ID,AD_WF_Responsible_ID,Created,IsActive,Line,UpdatedBy,Updated,Z_WFScenarioLine_ID,AD_Client_ID) VALUES (1000141,100,-1.000000000000,0,550233,TO_DATE('2016-11-07 14:58:54','YYYY-MM-DD HH24:MI:SS'),'Y',10,100,TO_DATE('2016-11-07 14:58:54','YYYY-MM-DD HH24:MI:SS'),1000275,1000001)
;

-- Nov 7, 2016 2:58:54 PM WIT
--  
INSERT INTO Z_WFScenarioLine (Z_WFScenario_ID,CreatedBy,GrandTotal,AD_Org_ID,AD_WF_Responsible_ID,Created,IsActive,Line,UpdatedBy,Updated,Z_WFScenarioLine_ID,AD_Client_ID) VALUES (1000141,100,3000000.000000000000,0,550223,TO_DATE('2016-11-07 14:58:54','YYYY-MM-DD HH24:MI:SS'),'Y',20,100,TO_DATE('2016-11-07 14:58:54','YYYY-MM-DD HH24:MI:SS'),1000276,1000001)
;

-- Nov 7, 2016 2:58:59 PM WIT
--  
DELETE FROM Z_WFScenarioLine WHERE Z_WFScenarioLine_ID=1000275
;

-- Nov 7, 2016 2:59:11 PM WIT
--  
DELETE FROM Z_WFScenarioLine WHERE Z_WFScenarioLine_ID=1000232
;

-- Nov 7, 2016 2:59:26 PM WIT
--  
UPDATE Z_WFScenario SET GrandTotal=3000000.000000000000, Line=10.000000000000,Updated=TO_DATE('2016-11-07 14:59:26','YYYY-MM-DD HH24:MI:SS'),UpdatedBy=100 WHERE Z_WFScenario_ID=1000123
;

-- Nov 7, 2016 2:59:34 PM WIT
--  
INSERT INTO Z_WFScenario (Z_WFScenario_ID,AD_Org_ID,AD_Client_ID,C_Activity_ID,C_DocType_ID,Created,CreatedBy,GrandTotal,IsActive,IsAssetProject,Line,Updated,UpdatedBy,User1_ID,Value,CopyFrom) VALUES (1000142,0,1000001,1000011,550003,TO_DATE('2016-11-07 14:59:34','YYYY-MM-DD HH24:MI:SS'),100,0,'Y','N',0,TO_DATE('2016-11-07 14:59:34','YYYY-MM-DD HH24:MI:SS'),100,1001169,'ER activity-6 SLS-JKT4 >3jt','N')
;

-- Nov 7, 2016 2:59:38 PM WIT
--  
INSERT INTO Z_WFScenarioLine (Z_WFScenario_ID,CreatedBy,GrandTotal,AD_Org_ID,AD_WF_Responsible_ID,Created,IsActive,Line,UpdatedBy,Updated,Z_WFScenarioLine_ID,AD_Client_ID) VALUES (1000142,100,-1.000000000000,0,550214,TO_DATE('2016-11-07 14:59:38','YYYY-MM-DD HH24:MI:SS'),'Y',0,100,TO_DATE('2016-11-07 14:59:38','YYYY-MM-DD HH24:MI:SS'),1000277,1000001)
;

-- Nov 7, 2016 2:59:38 PM WIT
--  
INSERT INTO Z_WFScenarioLine (Z_WFScenario_ID,CreatedBy,GrandTotal,AD_Org_ID,AD_WF_Responsible_ID,Created,IsActive,Line,UpdatedBy,Updated,Z_WFScenarioLine_ID,AD_Client_ID) VALUES (1000142,100,-1.000000000000,0,550233,TO_DATE('2016-11-07 14:59:38','YYYY-MM-DD HH24:MI:SS'),'Y',10,100,TO_DATE('2016-11-07 14:59:38','YYYY-MM-DD HH24:MI:SS'),1000278,1000001)
;

-- Nov 7, 2016 2:59:38 PM WIT
--  
INSERT INTO Z_WFScenarioLine (Z_WFScenario_ID,CreatedBy,GrandTotal,AD_Org_ID,AD_WF_Responsible_ID,Created,IsActive,Line,UpdatedBy,Updated,Z_WFScenarioLine_ID,AD_Client_ID) VALUES (1000142,100,3000000.000000000000,0,550224,TO_DATE('2016-11-07 14:59:38','YYYY-MM-DD HH24:MI:SS'),'Y',20,100,TO_DATE('2016-11-07 14:59:38','YYYY-MM-DD HH24:MI:SS'),1000279,1000001)
;

-- Nov 7, 2016 2:59:43 PM WIT
--  
DELETE FROM Z_WFScenarioLine WHERE Z_WFScenarioLine_ID=1000278
;

-- Nov 7, 2016 2:59:45 PM WIT
--  
UPDATE Z_WFScenarioLine SET GrandTotal=-1.000000000000,Updated=TO_DATE('2016-11-07 14:59:45','YYYY-MM-DD HH24:MI:SS'),UpdatedBy=100 WHERE Z_WFScenarioLine_ID=1000279
;

-- Nov 7, 2016 2:59:53 PM WIT
--  
DELETE FROM Z_WFScenarioLine WHERE Z_WFScenarioLine_ID=1000233
;

-- Nov 7, 2016 3:00:07 PM WIT
--  
UPDATE Z_WFScenario SET GrandTotal=3000000.000000000000, Line=10.000000000000,Updated=TO_DATE('2016-11-07 15:00:07','YYYY-MM-DD HH24:MI:SS'),UpdatedBy=100 WHERE Z_WFScenario_ID=1000124
;

-- Nov 7, 2016 3:00:14 PM WIT
--  
INSERT INTO Z_WFScenario (Z_WFScenario_ID,AD_Org_ID,AD_Client_ID,C_Activity_ID,C_DocType_ID,Created,CreatedBy,GrandTotal,IsActive,IsAssetProject,Line,Updated,UpdatedBy,User1_ID,Value,CopyFrom) VALUES (1000143,0,1000001,1000011,550003,TO_DATE('2016-11-07 15:00:14','YYYY-MM-DD HH24:MI:SS'),100,0,'Y','N',0,TO_DATE('2016-11-07 15:00:14','YYYY-MM-DD HH24:MI:SS'),100,1001171,'ER activity-6 SLS-LG >3jt','N')
;

-- Nov 7, 2016 3:00:18 PM WIT
--  
INSERT INTO Z_WFScenarioLine (Z_WFScenario_ID,CreatedBy,GrandTotal,AD_Org_ID,AD_WF_Responsible_ID,Created,IsActive,Line,UpdatedBy,Updated,Z_WFScenarioLine_ID,AD_Client_ID) VALUES (1000143,100,-1.000000000000,0,550214,TO_DATE('2016-11-07 15:00:18','YYYY-MM-DD HH24:MI:SS'),'Y',0,100,TO_DATE('2016-11-07 15:00:18','YYYY-MM-DD HH24:MI:SS'),1000280,1000001)
;

-- Nov 7, 2016 3:00:18 PM WIT
--  
INSERT INTO Z_WFScenarioLine (Z_WFScenario_ID,CreatedBy,GrandTotal,AD_Org_ID,AD_WF_Responsible_ID,Created,IsActive,Line,UpdatedBy,Updated,Z_WFScenarioLine_ID,AD_Client_ID) VALUES (1000143,100,-1.000000000000,0,550233,TO_DATE('2016-11-07 15:00:18','YYYY-MM-DD HH24:MI:SS'),'Y',10,100,TO_DATE('2016-11-07 15:00:18','YYYY-MM-DD HH24:MI:SS'),1000281,1000001)
;

-- Nov 7, 2016 3:00:18 PM WIT
--  
INSERT INTO Z_WFScenarioLine (Z_WFScenario_ID,CreatedBy,GrandTotal,AD_Org_ID,AD_WF_Responsible_ID,Created,IsActive,Line,UpdatedBy,Updated,Z_WFScenarioLine_ID,AD_Client_ID) VALUES (1000143,100,3000000.000000000000,0,550225,TO_DATE('2016-11-07 15:00:18','YYYY-MM-DD HH24:MI:SS'),'Y',20,100,TO_DATE('2016-11-07 15:00:18','YYYY-MM-DD HH24:MI:SS'),1000282,1000001)
;

-- Nov 7, 2016 3:00:23 PM WIT
--  
DELETE FROM Z_WFScenarioLine WHERE Z_WFScenarioLine_ID=1000281
;

-- Nov 7, 2016 3:00:27 PM WIT
--  
UPDATE Z_WFScenarioLine SET GrandTotal=-1.000000000000,Updated=TO_DATE('2016-11-07 15:00:27','YYYY-MM-DD HH24:MI:SS'),UpdatedBy=100 WHERE Z_WFScenarioLine_ID=1000282
;

-- Nov 7, 2016 3:00:34 PM WIT
--  
DELETE FROM Z_WFScenarioLine WHERE Z_WFScenarioLine_ID=1000234
;

-- Nov 7, 2016 3:00:51 PM WIT
--  
UPDATE Z_WFScenario SET GrandTotal=3000000.000000000000, Line=10.000000000000,Updated=TO_DATE('2016-11-07 15:00:51','YYYY-MM-DD HH24:MI:SS'),UpdatedBy=100 WHERE Z_WFScenario_ID=1000125
;

-- Nov 7, 2016 3:00:57 PM WIT
--  
INSERT INTO Z_WFScenario (Z_WFScenario_ID,AD_Org_ID,AD_Client_ID,C_Activity_ID,C_DocType_ID,Created,CreatedBy,GrandTotal,IsActive,IsAssetProject,Line,Updated,UpdatedBy,User1_ID,Value,CopyFrom) VALUES (1000144,0,1000001,1000011,550003,TO_DATE('2016-11-07 15:00:57','YYYY-MM-DD HH24:MI:SS'),100,0,'Y','N',0,TO_DATE('2016-11-07 15:00:57','YYYY-MM-DD HH24:MI:SS'),100,1001170,'ER activity-6 SLS-PN >3jt','N')
;

-- Nov 7, 2016 3:01:02 PM WIT
--  
INSERT INTO Z_WFScenarioLine (Z_WFScenario_ID,CreatedBy,GrandTotal,AD_Org_ID,AD_WF_Responsible_ID,Created,IsActive,Line,UpdatedBy,Updated,Z_WFScenarioLine_ID,AD_Client_ID) VALUES (1000144,100,-1.000000000000,0,550214,TO_DATE('2016-11-07 15:01:01','YYYY-MM-DD HH24:MI:SS'),'Y',0,100,TO_DATE('2016-11-07 15:01:01','YYYY-MM-DD HH24:MI:SS'),1000283,1000001)
;

-- Nov 7, 2016 3:01:02 PM WIT
--  
INSERT INTO Z_WFScenarioLine (Z_WFScenario_ID,CreatedBy,GrandTotal,AD_Org_ID,AD_WF_Responsible_ID,Created,IsActive,Line,UpdatedBy,Updated,Z_WFScenarioLine_ID,AD_Client_ID) VALUES (1000144,100,-1.000000000000,0,550233,TO_DATE('2016-11-07 15:01:02','YYYY-MM-DD HH24:MI:SS'),'Y',10,100,TO_DATE('2016-11-07 15:01:02','YYYY-MM-DD HH24:MI:SS'),1000284,1000001)
;

-- Nov 7, 2016 3:01:02 PM WIT
--  
INSERT INTO Z_WFScenarioLine (Z_WFScenario_ID,CreatedBy,GrandTotal,AD_Org_ID,AD_WF_Responsible_ID,Created,IsActive,Line,UpdatedBy,Updated,Z_WFScenarioLine_ID,AD_Client_ID) VALUES (1000144,100,3000000.000000000000,0,550226,TO_DATE('2016-11-07 15:01:02','YYYY-MM-DD HH24:MI:SS'),'Y',20,100,TO_DATE('2016-11-07 15:01:02','YYYY-MM-DD HH24:MI:SS'),1000285,1000001)
;

-- Nov 7, 2016 3:01:07 PM WIT
--  
DELETE FROM Z_WFScenarioLine WHERE Z_WFScenarioLine_ID=1000284
;

-- Nov 7, 2016 3:01:12 PM WIT
--  
UPDATE Z_WFScenarioLine SET GrandTotal=-1.000000000000,Updated=TO_DATE('2016-11-07 15:01:12','YYYY-MM-DD HH24:MI:SS'),UpdatedBy=100 WHERE Z_WFScenarioLine_ID=1000285
;

-- Nov 7, 2016 3:01:19 PM WIT
--  
DELETE FROM Z_WFScenarioLine WHERE Z_WFScenarioLine_ID=1000235
;

-- Nov 7, 2016 3:01:35 PM WIT
--  
UPDATE Z_WFScenario SET GrandTotal=3000000.000000000000, Line=10.000000000000,Updated=TO_DATE('2016-11-07 15:01:35','YYYY-MM-DD HH24:MI:SS'),UpdatedBy=100 WHERE Z_WFScenario_ID=1000126
;

-- Nov 7, 2016 3:01:41 PM WIT
--  
INSERT INTO Z_WFScenario (Z_WFScenario_ID,AD_Org_ID,AD_Client_ID,C_Activity_ID,C_DocType_ID,Created,CreatedBy,GrandTotal,IsActive,IsAssetProject,Line,Updated,UpdatedBy,User1_ID,Value,CopyFrom) VALUES (1000145,0,1000001,1000011,550003,TO_DATE('2016-11-07 15:01:41','YYYY-MM-DD HH24:MI:SS'),100,0,'Y','N',0,TO_DATE('2016-11-07 15:01:41','YYYY-MM-DD HH24:MI:SS'),100,1001173,'ER activity-6 SLS-SL >3jt','N')
;

-- Nov 7, 2016 3:01:45 PM WIT
--  
INSERT INTO Z_WFScenarioLine (Z_WFScenario_ID,CreatedBy,GrandTotal,AD_Org_ID,AD_WF_Responsible_ID,Created,IsActive,Line,UpdatedBy,Updated,Z_WFScenarioLine_ID,AD_Client_ID) VALUES (1000145,100,-1.000000000000,0,550214,TO_DATE('2016-11-07 15:01:45','YYYY-MM-DD HH24:MI:SS'),'Y',0,100,TO_DATE('2016-11-07 15:01:45','YYYY-MM-DD HH24:MI:SS'),1000286,1000001)
;

-- Nov 7, 2016 3:01:45 PM WIT
--  
INSERT INTO Z_WFScenarioLine (Z_WFScenario_ID,CreatedBy,GrandTotal,AD_Org_ID,AD_WF_Responsible_ID,Created,IsActive,Line,UpdatedBy,Updated,Z_WFScenarioLine_ID,AD_Client_ID) VALUES (1000145,100,-1.000000000000,0,550233,TO_DATE('2016-11-07 15:01:45','YYYY-MM-DD HH24:MI:SS'),'Y',10,100,TO_DATE('2016-11-07 15:01:45','YYYY-MM-DD HH24:MI:SS'),1000287,1000001)
;

-- Nov 7, 2016 3:01:45 PM WIT
--  
INSERT INTO Z_WFScenarioLine (Z_WFScenario_ID,CreatedBy,GrandTotal,AD_Org_ID,AD_WF_Responsible_ID,Created,IsActive,Line,UpdatedBy,Updated,Z_WFScenarioLine_ID,AD_Client_ID) VALUES (1000145,100,3000000.000000000000,0,550227,TO_DATE('2016-11-07 15:01:45','YYYY-MM-DD HH24:MI:SS'),'Y',20,100,TO_DATE('2016-11-07 15:01:45','YYYY-MM-DD HH24:MI:SS'),1000288,1000001)
;

-- Nov 7, 2016 3:01:51 PM WIT
--  
DELETE FROM Z_WFScenarioLine WHERE Z_WFScenarioLine_ID=1000287
;

-- Nov 7, 2016 3:01:58 PM WIT
--  
DELETE FROM Z_WFScenarioLine WHERE Z_WFScenarioLine_ID=1000236
;

-- Nov 7, 2016 3:02:20 PM WIT
--  
UPDATE Z_WFScenario SET GrandTotal=3000000.000000000000, Line=10.000000000000,Updated=TO_DATE('2016-11-07 15:02:20','YYYY-MM-DD HH24:MI:SS'),UpdatedBy=100 WHERE Z_WFScenario_ID=1000127
;

-- Nov 7, 2016 3:02:27 PM WIT
--  
INSERT INTO Z_WFScenario (Z_WFScenario_ID,AD_Org_ID,AD_Client_ID,C_Activity_ID,C_DocType_ID,Created,CreatedBy,GrandTotal,IsActive,IsAssetProject,Line,Updated,UpdatedBy,User1_ID,Value,CopyFrom) VALUES (1000146,0,1000001,1000011,550003,TO_DATE('2016-11-07 15:02:26','YYYY-MM-DD HH24:MI:SS'),100,0,'Y','N',0,TO_DATE('2016-11-07 15:02:26','YYYY-MM-DD HH24:MI:SS'),100,1001172,'ER activity-6 SLS-ST >3jt','N')
;

-- Nov 7, 2016 3:02:31 PM WIT
--  
INSERT INTO Z_WFScenarioLine (Z_WFScenario_ID,CreatedBy,GrandTotal,AD_Org_ID,AD_WF_Responsible_ID,Created,IsActive,Line,UpdatedBy,Updated,Z_WFScenarioLine_ID,AD_Client_ID) VALUES (1000146,100,-1.000000000000,0,550214,TO_DATE('2016-11-07 15:02:31','YYYY-MM-DD HH24:MI:SS'),'Y',0,100,TO_DATE('2016-11-07 15:02:31','YYYY-MM-DD HH24:MI:SS'),1000289,1000001)
;

-- Nov 7, 2016 3:02:31 PM WIT
--  
INSERT INTO Z_WFScenarioLine (Z_WFScenario_ID,CreatedBy,GrandTotal,AD_Org_ID,AD_WF_Responsible_ID,Created,IsActive,Line,UpdatedBy,Updated,Z_WFScenarioLine_ID,AD_Client_ID) VALUES (1000146,100,-1.000000000000,0,550233,TO_DATE('2016-11-07 15:02:31','YYYY-MM-DD HH24:MI:SS'),'Y',10,100,TO_DATE('2016-11-07 15:02:31','YYYY-MM-DD HH24:MI:SS'),1000290,1000001)
;

-- Nov 7, 2016 3:02:31 PM WIT
--  
INSERT INTO Z_WFScenarioLine (Z_WFScenario_ID,CreatedBy,GrandTotal,AD_Org_ID,AD_WF_Responsible_ID,Created,IsActive,Line,UpdatedBy,Updated,Z_WFScenarioLine_ID,AD_Client_ID) VALUES (1000146,100,3000000.000000000000,0,550232,TO_DATE('2016-11-07 15:02:31','YYYY-MM-DD HH24:MI:SS'),'Y',20,100,TO_DATE('2016-11-07 15:02:31','YYYY-MM-DD HH24:MI:SS'),1000291,1000001)
;

-- Nov 7, 2016 3:02:36 PM WIT
--  
DELETE FROM Z_WFScenarioLine WHERE Z_WFScenarioLine_ID=1000290
;

-- Nov 7, 2016 3:02:40 PM WIT
--  
UPDATE Z_WFScenarioLine SET GrandTotal=-1.000000000000,Updated=TO_DATE('2016-11-07 15:02:40','YYYY-MM-DD HH24:MI:SS'),UpdatedBy=100 WHERE Z_WFScenarioLine_ID=1000291
;

-- Nov 7, 2016 3:02:49 PM WIT
--  
DELETE FROM Z_WFScenarioLine WHERE Z_WFScenarioLine_ID=1000237
;

-- Nov 7, 2016 3:03:02 PM WIT
--  
UPDATE Z_WFScenario SET GrandTotal=3000000.000000000000, Line=10.000000000000,Updated=TO_DATE('2016-11-07 15:03:02','YYYY-MM-DD HH24:MI:SS'),UpdatedBy=100 WHERE Z_WFScenario_ID=1000115
;

-- Nov 7, 2016 3:03:12 PM WIT
--  
INSERT INTO Z_WFScenario (Z_WFScenario_ID,AD_Org_ID,AD_Client_ID,C_Activity_ID,C_DocType_ID,Created,CreatedBy,GrandTotal,IsActive,IsAssetProject,Line,Updated,UpdatedBy,User1_ID,Value,CopyFrom) VALUES (1000147,0,1000001,1000011,550003,TO_DATE('2016-11-07 15:03:12','YYYY-MM-DD HH24:MI:SS'),100,0,'Y','N',0,TO_DATE('2016-11-07 15:03:12','YYYY-MM-DD HH24:MI:SS'),100,1001050,'ER activity-6 Warehouse >3jt','N')
;

-- Nov 7, 2016 3:03:16 PM WIT
--  
INSERT INTO Z_WFScenarioLine (Z_WFScenario_ID,CreatedBy,GrandTotal,AD_Org_ID,AD_WF_Responsible_ID,Created,IsActive,Line,UpdatedBy,Updated,Z_WFScenarioLine_ID,AD_Client_ID) VALUES (1000147,100,-1.000000000000,0,550214,TO_DATE('2016-11-07 15:03:16','YYYY-MM-DD HH24:MI:SS'),'Y',0,100,TO_DATE('2016-11-07 15:03:16','YYYY-MM-DD HH24:MI:SS'),1000292,1000001)
;

-- Nov 7, 2016 3:03:17 PM WIT
--  
INSERT INTO Z_WFScenarioLine (Z_WFScenario_ID,CreatedBy,GrandTotal,AD_Org_ID,AD_WF_Responsible_ID,Created,IsActive,Line,UpdatedBy,Updated,Z_WFScenarioLine_ID,AD_Client_ID) VALUES (1000147,100,-1.000000000000,0,550233,TO_DATE('2016-11-07 15:03:16','YYYY-MM-DD HH24:MI:SS'),'Y',10,100,TO_DATE('2016-11-07 15:03:16','YYYY-MM-DD HH24:MI:SS'),1000293,1000001)
;

-- Nov 7, 2016 3:03:17 PM WIT
--  
INSERT INTO Z_WFScenarioLine (Z_WFScenario_ID,CreatedBy,GrandTotal,AD_Org_ID,AD_WF_Responsible_ID,Created,IsActive,Line,UpdatedBy,Updated,Z_WFScenarioLine_ID,AD_Client_ID) VALUES (1000147,100,3000000.000000000000,0,550218,TO_DATE('2016-11-07 15:03:17','YYYY-MM-DD HH24:MI:SS'),'Y',20,100,TO_DATE('2016-11-07 15:03:17','YYYY-MM-DD HH24:MI:SS'),1000294,1000001)
;

-- Nov 7, 2016 3:03:22 PM WIT
--  
DELETE FROM Z_WFScenarioLine WHERE Z_WFScenarioLine_ID=1000293
;

-- Nov 7, 2016 3:03:30 PM WIT
--  
DELETE FROM Z_WFScenarioLine WHERE Z_WFScenarioLine_ID=1000238
;

-- Nov 7, 2016 3:04:23 PM WIT
--  
UPDATE Z_WFScenario SET GrandTotal=1000000.000000000000, Line=10.000000000000,Updated=TO_DATE('2016-11-07 15:04:23','YYYY-MM-DD HH24:MI:SS'),UpdatedBy=100 WHERE Z_WFScenario_ID=1000112
;

-- Nov 7, 2016 3:04:31 PM WIT
--  
INSERT INTO Z_WFScenario (Z_WFScenario_ID,AD_Org_ID,AD_Client_ID,C_Activity_ID,C_DocType_ID,Created,CreatedBy,GrandTotal,IsActive,IsAssetProject,Line,Updated,UpdatedBy,User1_ID,Value,CopyFrom) VALUES (1000148,0,1000001,1000012,550003,TO_DATE('2016-11-07 15:04:31','YYYY-MM-DD HH24:MI:SS'),100,0,'Y','N',0,TO_DATE('2016-11-07 15:04:31','YYYY-MM-DD HH24:MI:SS'),100,1001163,'ER activity-7 Assistan >1jt','N')
;

-- Nov 7, 2016 3:04:35 PM WIT
--  
INSERT INTO Z_WFScenarioLine (Z_WFScenario_ID,CreatedBy,GrandTotal,AD_Org_ID,AD_WF_Responsible_ID,Created,IsActive,Line,UpdatedBy,Updated,Z_WFScenarioLine_ID,AD_Client_ID) VALUES (1000148,100,-1.000000000000,0,550236,TO_DATE('2016-11-07 15:04:35','YYYY-MM-DD HH24:MI:SS'),'Y',0,100,TO_DATE('2016-11-07 15:04:35','YYYY-MM-DD HH24:MI:SS'),1000295,1000001)
;

-- Nov 7, 2016 3:04:36 PM WIT
--  
INSERT INTO Z_WFScenarioLine (Z_WFScenario_ID,CreatedBy,GrandTotal,AD_Org_ID,AD_WF_Responsible_ID,Created,IsActive,Line,UpdatedBy,Updated,Z_WFScenarioLine_ID,AD_Client_ID) VALUES (1000148,100,-1.000000000000,0,550234,TO_DATE('2016-11-07 15:04:35','YYYY-MM-DD HH24:MI:SS'),'Y',10,100,TO_DATE('2016-11-07 15:04:35','YYYY-MM-DD HH24:MI:SS'),1000296,1000001)
;

-- Nov 7, 2016 3:04:50 PM WIT
--  
UPDATE Z_WFScenarioLine SET AD_WF_Responsible_ID=550228,Updated=TO_DATE('2016-11-07 15:04:50','YYYY-MM-DD HH24:MI:SS'),UpdatedBy=100 WHERE Z_WFScenarioLine_ID=1000296
;

-- Nov 7, 2016 3:05:39 PM WIT
--  
UPDATE Z_WFScenarioLine SET GrandTotal=-1.000000000000, AD_WF_Responsible_ID=550236,Updated=TO_DATE('2016-11-07 15:05:39','YYYY-MM-DD HH24:MI:SS'),UpdatedBy=100 WHERE Z_WFScenarioLine_ID=1000184
;

-- Nov 7, 2016 3:07:49 PM WIT
--  
INSERT INTO AD_Role (C_Currency_ID,AD_Role_ID,AmtApproval,IsPersonalLock,IsUseUserOrgAccess,IsPersonalAccess,IsShowAcct,IsCanReport,IsChangeLog,OverwritePriceLimit,Allow_Info_Asset,Allow_Info_Order,Allow_Info_BPartner,Allow_Info_InOut,Allow_Info_Invoice,Allow_Info_Payment,Allow_Info_Resource,Allow_Info_Schedule,Allow_Info_Product,Allow_Info_Account,MaxQueryRecords,ConfirmQueryRecords,AmtApprovalAccum,DaysApprovalAccum,Description,Name,IsCanApproveOwnDoc,AD_Role_UU,PreferenceType,IsAccessAllOrgs,Updated,IsActive,IsMenuAutoExpand,IsManual,IsMasterRole,UserLevel,IsCanExport,IsAccessAdvanced,AD_Client_ID,AD_Org_ID,Created,UpdatedBy,CreatedBy,IsAllowMultiplePrint) VALUES (303,2000214,9999999999999.000000000000,'N','Y','N','N','Y','Y','N','Y','N','N','N','N','N','Y','N','N','N',0,0,9999999999999.000000000000,0,'Role approval for Accounting Supervisor','W_App_Mgr-Controller','N','566e98ab-2e19-44d4-9f0a-0e19c3d7a7cf','O','N',TO_DATE('2016-11-07 15:07:49','YYYY-MM-DD HH24:MI:SS'),'Y','N','Y','N',' CO','Y','N',1000001,0,TO_DATE('2016-11-07 15:07:49','YYYY-MM-DD HH24:MI:SS'),100,100,'N')
;

-- Nov 7, 2016 3:07:49 PM WIT
--  
INSERT INTO AD_User_Roles (AD_Role_ID,AD_User_Roles_UU,Updated,IsActive,AD_Client_ID,AD_Org_ID,AD_User_ID,Created,UpdatedBy,CreatedBy) VALUES (2000214,'cb102ebb-4dab-4904-8ae5-78e2eac67f3e',TO_DATE('2016-11-07 15:07:49','YYYY-MM-DD HH24:MI:SS'),'Y',1000001,0,100,TO_DATE('2016-11-07 15:07:49','YYYY-MM-DD HH24:MI:SS'),100,100)
;

-- Nov 7, 2016 3:08:19 PM WIT
--  
INSERT INTO AD_WF_Responsible (AD_WF_Responsible_ID,ResponsibleType,EntityType,AD_WF_Responsible_UU,Name,IsActive,Updated,AD_Role_ID,AD_Org_ID,Created,UpdatedBy,CreatedBy,AD_Client_ID) VALUES (550238,'R','U','966674ac-5fc8-4ba8-ab3a-ac62a00a2f6a','W_App_Mgr-Controller','Y',TO_DATE('2016-11-07 15:08:19','YYYY-MM-DD HH24:MI:SS'),2000214,0,TO_DATE('2016-11-07 15:08:19','YYYY-MM-DD HH24:MI:SS'),100,100,1000001)
;

-- Nov 7, 2016 3:09:26 PM WIT
--  
UPDATE Z_WFScenarioLine SET GrandTotal=-1.000000000000, AD_WF_Responsible_ID=550229,Updated=TO_DATE('2016-11-07 15:09:26','YYYY-MM-DD HH24:MI:SS'),UpdatedBy=100 WHERE Z_WFScenarioLine_ID=1000185
;

-- Nov 7, 2016 3:09:47 PM WIT
--  
INSERT INTO Z_WFScenario (Z_WFScenario_ID,AD_Org_ID,AD_Client_ID,C_Activity_ID,C_DocType_ID,Created,CreatedBy,GrandTotal,IsActive,IsAssetProject,Line,Updated,UpdatedBy,User1_ID,Value,CopyFrom) VALUES (1000149,0,1000001,1000012,550003,TO_DATE('2016-11-07 15:09:47','YYYY-MM-DD HH24:MI:SS'),100,0,'Y','N',0,TO_DATE('2016-11-07 15:09:47','YYYY-MM-DD HH24:MI:SS'),100,1001164,'ER activity-7 Controller >1jt','N')
;

-- Nov 7, 2016 3:09:50 PM WIT
--  
INSERT INTO Z_WFScenarioLine (Z_WFScenario_ID,CreatedBy,GrandTotal,AD_Org_ID,AD_WF_Responsible_ID,Created,IsActive,Line,UpdatedBy,Updated,Z_WFScenarioLine_ID,AD_Client_ID) VALUES (1000149,100,-1.000000000000,0,550236,TO_DATE('2016-11-07 15:09:50','YYYY-MM-DD HH24:MI:SS'),'Y',0,100,TO_DATE('2016-11-07 15:09:50','YYYY-MM-DD HH24:MI:SS'),1000297,1000001)
;

-- Nov 7, 2016 3:09:51 PM WIT
--  
INSERT INTO Z_WFScenarioLine (Z_WFScenario_ID,CreatedBy,GrandTotal,AD_Org_ID,AD_WF_Responsible_ID,Created,IsActive,Line,UpdatedBy,Updated,Z_WFScenarioLine_ID,AD_Client_ID) VALUES (1000149,100,-1.000000000000,0,550229,TO_DATE('2016-11-07 15:09:50','YYYY-MM-DD HH24:MI:SS'),'Y',10,100,TO_DATE('2016-11-07 15:09:50','YYYY-MM-DD HH24:MI:SS'),1000298,1000001)
;

-- Nov 7, 2016 3:10:20 PM WIT
--  
UPDATE Z_WFScenario SET GrandTotal=1000000.000000000000, Line=10.000000000000,Updated=TO_DATE('2016-11-07 15:10:20','YYYY-MM-DD HH24:MI:SS'),UpdatedBy=100 WHERE Z_WFScenario_ID=1000113
;

-- Nov 7, 2016 3:12:10 PM WIT
--  
UPDATE Z_WFScenarioLine SET AD_WF_Responsible_ID=550238,Updated=TO_DATE('2016-11-07 15:12:10','YYYY-MM-DD HH24:MI:SS'),UpdatedBy=100 WHERE Z_WFScenarioLine_ID=1000185
;

-- Nov 7, 2016 3:13:45 PM WIT
--  
INSERT INTO Z_WFScenario (Z_WFScenario_ID,AD_Org_ID,AD_Client_ID,C_Activity_ID,C_DocType_ID,Created,CreatedBy,GrandTotal,IsActive,IsAssetProject,Line,Updated,UpdatedBy,User1_ID,Value,CopyFrom) VALUES (1000150,0,1000001,1000012,550003,TO_DATE('2016-11-07 15:13:45','YYYY-MM-DD HH24:MI:SS'),100,1000000.000000000000,'Y','N',10.000000000000,TO_DATE('2016-11-07 15:13:45','YYYY-MM-DD HH24:MI:SS'),100,1001049,'ER activity-7 Accounting','N')
;

-- Nov 7, 2016 3:14:01 PM WIT
--  
INSERT INTO Z_WFScenarioLine (Z_WFScenario_ID,CreatedBy,GrandTotal,AD_Org_ID,AD_WF_Responsible_ID,Created,IsActive,Line,UpdatedBy,Updated,Z_WFScenarioLine_ID,AD_Client_ID) VALUES (1000150,100,-1.000000000000,0,550214,TO_DATE('2016-11-07 15:14:01','YYYY-MM-DD HH24:MI:SS'),'Y',0,100,TO_DATE('2016-11-07 15:14:01','YYYY-MM-DD HH24:MI:SS'),1000299,1000001)
;

-- Nov 7, 2016 3:14:12 PM WIT
--  
INSERT INTO Z_WFScenarioLine (Z_WFScenario_ID,CreatedBy,GrandTotal,AD_Org_ID,AD_WF_Responsible_ID,Created,IsActive,Line,UpdatedBy,Updated,Z_WFScenarioLine_ID,AD_Client_ID) VALUES (1000150,100,-1.000000000000,0,550214,TO_DATE('2016-11-07 15:14:12','YYYY-MM-DD HH24:MI:SS'),'Y',10,100,TO_DATE('2016-11-07 15:14:12','YYYY-MM-DD HH24:MI:SS'),1000300,1000001)
;

-- Nov 7, 2016 3:14:19 PM WIT
--  
UPDATE Z_WFScenarioLine SET AD_WF_Responsible_ID=550236,Updated=TO_DATE('2016-11-07 15:14:19','YYYY-MM-DD HH24:MI:SS'),UpdatedBy=100 WHERE Z_WFScenarioLine_ID=1000299
;

-- Nov 7, 2016 3:14:33 PM WIT
--  
INSERT INTO Z_WFScenario (Z_WFScenario_ID,AD_Org_ID,AD_Client_ID,C_Activity_ID,C_DocType_ID,Created,CreatedBy,GrandTotal,IsActive,IsAssetProject,Line,Updated,UpdatedBy,User1_ID,Value,CopyFrom) VALUES (1000151,0,1000001,1000012,550003,TO_DATE('2016-11-07 15:14:32','YYYY-MM-DD HH24:MI:SS'),100,0,'Y','N',0,TO_DATE('2016-11-07 15:14:32','YYYY-MM-DD HH24:MI:SS'),100,1001049,'ER activity-7 Accounting >1jt','N')
;

-- Nov 7, 2016 3:14:40 PM WIT
--  
INSERT INTO Z_WFScenarioLine (Z_WFScenario_ID,CreatedBy,GrandTotal,AD_Org_ID,AD_WF_Responsible_ID,Created,IsActive,Line,UpdatedBy,Updated,Z_WFScenarioLine_ID,AD_Client_ID) VALUES (1000151,100,-1.000000000000,0,550236,TO_DATE('2016-11-07 15:14:40','YYYY-MM-DD HH24:MI:SS'),'Y',0,100,TO_DATE('2016-11-07 15:14:40','YYYY-MM-DD HH24:MI:SS'),1000301,1000001)
;

-- Nov 7, 2016 3:14:40 PM WIT
--  
INSERT INTO Z_WFScenarioLine (Z_WFScenario_ID,CreatedBy,GrandTotal,AD_Org_ID,AD_WF_Responsible_ID,Created,IsActive,Line,UpdatedBy,Updated,Z_WFScenarioLine_ID,AD_Client_ID) VALUES (1000151,100,-1.000000000000,0,550214,TO_DATE('2016-11-07 15:14:40','YYYY-MM-DD HH24:MI:SS'),'Y',10,100,TO_DATE('2016-11-07 15:14:40','YYYY-MM-DD HH24:MI:SS'),1000302,1000001)
;

-- Nov 7, 2016 3:14:52 PM WIT
--  
UPDATE Z_WFScenarioLine SET AD_WF_Responsible_ID=550217,Updated=TO_DATE('2016-11-07 15:14:52','YYYY-MM-DD HH24:MI:SS'),UpdatedBy=100 WHERE Z_WFScenarioLine_ID=1000302
;

-- Nov 7, 2016 3:16:30 PM WIT
--  
INSERT INTO Z_WFScenario (Z_WFScenario_ID,AD_Org_ID,AD_Client_ID,C_Activity_ID,C_DocType_ID,Created,CreatedBy,GrandTotal,IsActive,IsAssetProject,Line,Updated,UpdatedBy,User1_ID,Value,CopyFrom) VALUES (1000152,0,1000001,1000012,550003,TO_DATE('2016-11-07 15:16:30','YYYY-MM-DD HH24:MI:SS'),100,0,'Y','N',0,TO_DATE('2016-11-07 15:16:30','YYYY-MM-DD HH24:MI:SS'),100,1001162,'ER activity-7 Director','N')
;

-- Nov 7, 2016 3:16:44 PM WIT
--  
INSERT INTO Z_WFScenarioLine (Z_WFScenario_ID,CreatedBy,GrandTotal,AD_Org_ID,AD_WF_Responsible_ID,Created,IsActive,Line,UpdatedBy,Updated,Z_WFScenarioLine_ID,AD_Client_ID) VALUES (1000152,100,-1.000000000000,0,550236,TO_DATE('2016-11-07 15:16:44','YYYY-MM-DD HH24:MI:SS'),'Y',0,100,TO_DATE('2016-11-07 15:16:44','YYYY-MM-DD HH24:MI:SS'),1000303,1000001)
;

-- Nov 7, 2016 3:16:52 PM WIT
--  
INSERT INTO Z_WFScenarioLine (Z_WFScenario_ID,CreatedBy,GrandTotal,AD_Org_ID,AD_WF_Responsible_ID,Created,IsActive,Line,UpdatedBy,Updated,Z_WFScenarioLine_ID,AD_Client_ID) VALUES (1000152,100,-1.000000000000,0,550201,TO_DATE('2016-11-07 15:16:52','YYYY-MM-DD HH24:MI:SS'),'Y',10,100,TO_DATE('2016-11-07 15:16:52','YYYY-MM-DD HH24:MI:SS'),1000304,1000001)
;

-- Nov 7, 2016 3:17:52 PM WIT
--  
INSERT INTO Z_WFScenario (Z_WFScenario_ID,AD_Org_ID,AD_Client_ID,C_Activity_ID,C_DocType_ID,Created,CreatedBy,GrandTotal,IsActive,IsAssetProject,Line,Updated,UpdatedBy,User1_ID,Value,CopyFrom) VALUES (1000153,0,1000001,1000012,550003,TO_DATE('2016-11-07 15:17:52','YYYY-MM-DD HH24:MI:SS'),100,1000000.000000000000,'Y','N',10.000000000000,TO_DATE('2016-11-07 15:17:52','YYYY-MM-DD HH24:MI:SS'),100,1001052,'ER activity-7 Delivery','N')
;

-- Nov 7, 2016 3:18:07 PM WIT
--  
INSERT INTO Z_WFScenarioLine (Z_WFScenario_ID,CreatedBy,GrandTotal,AD_Org_ID,AD_WF_Responsible_ID,Created,IsActive,Line,UpdatedBy,Updated,Z_WFScenarioLine_ID,AD_Client_ID) VALUES (1000153,100,-1.000000000000,0,550236,TO_DATE('2016-11-07 15:18:07','YYYY-MM-DD HH24:MI:SS'),'Y',0,100,TO_DATE('2016-11-07 15:18:07','YYYY-MM-DD HH24:MI:SS'),1000305,1000001)
;

-- Nov 7, 2016 3:19:19 PM WIT
--  
INSERT INTO AD_WF_Responsible (AD_WF_Responsible_ID,ResponsibleType,EntityType,AD_WF_Responsible_UU,Name,IsActive,Updated,AD_Role_ID,AD_Org_ID,Created,UpdatedBy,CreatedBy,AD_Client_ID) VALUES (550239,'R','U','b4980455-136b-4bd7-8ed0-a4041769fa89','W_App_Mgr-Delivery','Y',TO_DATE('2016-11-07 15:19:19','YYYY-MM-DD HH24:MI:SS'),2000166,0,TO_DATE('2016-11-07 15:19:19','YYYY-MM-DD HH24:MI:SS'),100,100,1000001)
;

-- Nov 7, 2016 3:20:32 PM WIT
--  
INSERT INTO AD_WF_Responsible (AD_WF_Responsible_ID,ResponsibleType,EntityType,AD_WF_Responsible_UU,Name,IsActive,Updated,AD_Role_ID,AD_Org_ID,Created,UpdatedBy,CreatedBy,AD_Client_ID) VALUES (550240,'R','U','7b1decc2-a53c-47ff-a03e-13e96f0d58f1','W_App_Mgr-Delivery','Y',TO_DATE('2016-11-07 15:20:32','YYYY-MM-DD HH24:MI:SS'),2000210,0,TO_DATE('2016-11-07 15:20:32','YYYY-MM-DD HH24:MI:SS'),100,100,1000001)
;

-- Nov 7, 2016 3:21:09 PM WIT
--  
UPDATE AD_Role SET Description='Role approval for Delivery Manager', Name='W_App_Mgr-Delivery',Updated=TO_DATE('2016-11-07 15:21:09','YYYY-MM-DD HH24:MI:SS'),UpdatedBy=100 WHERE AD_Role_ID=2000166
;

-- Nov 7, 2016 3:22:00 PM WIT
--  
UPDATE AD_WF_Responsible SET Name='W_App_Mgr-', AD_Role_ID=1000002,Updated=TO_DATE('2016-11-07 15:22:00','YYYY-MM-DD HH24:MI:SS'),UpdatedBy=100 WHERE AD_WF_Responsible_ID=550240
;

-- Nov 7, 2016 3:22:18 PM WIT
--  
INSERT INTO Z_WFScenarioLine (Z_WFScenario_ID,CreatedBy,GrandTotal,AD_Org_ID,AD_WF_Responsible_ID,Created,IsActive,Line,UpdatedBy,Updated,Z_WFScenarioLine_ID,AD_Client_ID) VALUES (1000153,100,-1.000000000000,0,550239,TO_DATE('2016-11-07 15:22:18','YYYY-MM-DD HH24:MI:SS'),'Y',10,100,TO_DATE('2016-11-07 15:22:18','YYYY-MM-DD HH24:MI:SS'),1000306,1000001)
;

-- Nov 7, 2016 3:22:51 PM WIT
--  
INSERT INTO Z_WFScenario (Z_WFScenario_ID,AD_Org_ID,AD_Client_ID,C_Activity_ID,C_DocType_ID,Created,CreatedBy,GrandTotal,IsActive,IsAssetProject,Line,Updated,UpdatedBy,User1_ID,Value,CopyFrom) VALUES (1000154,0,1000001,1000012,550003,TO_DATE('2016-11-07 15:22:51','YYYY-MM-DD HH24:MI:SS'),100,0,'Y','N',0,TO_DATE('2016-11-07 15:22:51','YYYY-MM-DD HH24:MI:SS'),100,1001052,'ER activity-7 Delivery >1jt','N')
;

-- Nov 7, 2016 3:22:55 PM WIT
--  
INSERT INTO Z_WFScenarioLine (Z_WFScenario_ID,CreatedBy,GrandTotal,AD_Org_ID,AD_WF_Responsible_ID,Created,IsActive,Line,UpdatedBy,Updated,Z_WFScenarioLine_ID,AD_Client_ID) VALUES (1000154,100,-1.000000000000,0,550236,TO_DATE('2016-11-07 15:22:55','YYYY-MM-DD HH24:MI:SS'),'Y',0,100,TO_DATE('2016-11-07 15:22:55','YYYY-MM-DD HH24:MI:SS'),1000307,1000001)
;

-- Nov 7, 2016 3:22:56 PM WIT
--  
INSERT INTO Z_WFScenarioLine (Z_WFScenario_ID,CreatedBy,GrandTotal,AD_Org_ID,AD_WF_Responsible_ID,Created,IsActive,Line,UpdatedBy,Updated,Z_WFScenarioLine_ID,AD_Client_ID) VALUES (1000154,100,-1.000000000000,0,550239,TO_DATE('2016-11-07 15:22:55','YYYY-MM-DD HH24:MI:SS'),'Y',10,100,TO_DATE('2016-11-07 15:22:55','YYYY-MM-DD HH24:MI:SS'),1000308,1000001)
;

-- Nov 7, 2016 3:23:18 PM WIT
--  
UPDATE Z_WFScenarioLine SET AD_WF_Responsible_ID=550220,Updated=TO_DATE('2016-11-07 15:23:18','YYYY-MM-DD HH24:MI:SS'),UpdatedBy=100 WHERE Z_WFScenarioLine_ID=1000308
;

-- Nov 7, 2016 3:23:55 PM WIT
--  
INSERT INTO Z_WFScenario (Z_WFScenario_ID,AD_Org_ID,AD_Client_ID,C_Activity_ID,C_DocType_ID,Created,CreatedBy,GrandTotal,IsActive,IsAssetProject,Line,Updated,UpdatedBy,User1_ID,Value,CopyFrom) VALUES (1000155,0,1000001,1000012,550003,TO_DATE('2016-11-07 15:23:55','YYYY-MM-DD HH24:MI:SS'),100,1000000.000000000000,'Y','N',10.000000000000,TO_DATE('2016-11-07 15:23:55','YYYY-MM-DD HH24:MI:SS'),100,1001048,'ER activity-7 Finance','N')
;

-- Nov 7, 2016 3:24:09 PM WIT
--  
INSERT INTO Z_WFScenarioLine (Z_WFScenario_ID,CreatedBy,GrandTotal,AD_Org_ID,AD_WF_Responsible_ID,Created,IsActive,Line,UpdatedBy,Updated,Z_WFScenarioLine_ID,AD_Client_ID) VALUES (1000155,100,-1.000000000000,0,550236,TO_DATE('2016-11-07 15:24:08','YYYY-MM-DD HH24:MI:SS'),'Y',0,100,TO_DATE('2016-11-07 15:24:08','YYYY-MM-DD HH24:MI:SS'),1000309,1000001)
;

-- Nov 7, 2016 3:24:28 PM WIT
--  
INSERT INTO Z_WFScenarioLine (Z_WFScenario_ID,CreatedBy,GrandTotal,AD_Org_ID,AD_WF_Responsible_ID,Created,IsActive,Line,UpdatedBy,Updated,Z_WFScenarioLine_ID,AD_Client_ID) VALUES (1000155,100,-1.000000000000,0,550205,TO_DATE('2016-11-07 15:24:28','YYYY-MM-DD HH24:MI:SS'),'Y',10,100,TO_DATE('2016-11-07 15:24:28','YYYY-MM-DD HH24:MI:SS'),1000310,1000001)
;

-- Nov 7, 2016 3:25:02 PM WIT
--  
INSERT INTO Z_WFScenario (Z_WFScenario_ID,AD_Org_ID,AD_Client_ID,C_Activity_ID,C_DocType_ID,Created,CreatedBy,GrandTotal,IsActive,IsAssetProject,Line,Updated,UpdatedBy,User1_ID,Value,CopyFrom) VALUES (1000156,0,1000001,1000012,550003,TO_DATE('2016-11-07 15:25:02','YYYY-MM-DD HH24:MI:SS'),100,0,'Y','N',0,TO_DATE('2016-11-07 15:25:02','YYYY-MM-DD HH24:MI:SS'),100,1001048,'ER activity-7 Finance >1jt','N')
;

-- Nov 7, 2016 3:25:08 PM WIT
--  
INSERT INTO Z_WFScenarioLine (Z_WFScenario_ID,CreatedBy,GrandTotal,AD_Org_ID,AD_WF_Responsible_ID,Created,IsActive,Line,UpdatedBy,Updated,Z_WFScenarioLine_ID,AD_Client_ID) VALUES (1000156,100,-1.000000000000,0,550236,TO_DATE('2016-11-07 15:25:08','YYYY-MM-DD HH24:MI:SS'),'Y',0,100,TO_DATE('2016-11-07 15:25:08','YYYY-MM-DD HH24:MI:SS'),1000311,1000001)
;

-- Nov 7, 2016 3:25:08 PM WIT
--  
INSERT INTO Z_WFScenarioLine (Z_WFScenario_ID,CreatedBy,GrandTotal,AD_Org_ID,AD_WF_Responsible_ID,Created,IsActive,Line,UpdatedBy,Updated,Z_WFScenarioLine_ID,AD_Client_ID) VALUES (1000156,100,-1.000000000000,0,550205,TO_DATE('2016-11-07 15:25:08','YYYY-MM-DD HH24:MI:SS'),'Y',10,100,TO_DATE('2016-11-07 15:25:08','YYYY-MM-DD HH24:MI:SS'),1000312,1000001)
;

-- Nov 7, 2016 3:25:23 PM WIT
--  
UPDATE Z_WFScenarioLine SET AD_WF_Responsible_ID=550216,Updated=TO_DATE('2016-11-07 15:25:23','YYYY-MM-DD HH24:MI:SS'),UpdatedBy=100 WHERE Z_WFScenarioLine_ID=1000312
;

-- Nov 7, 2016 3:25:59 PM WIT
--  
INSERT INTO Z_WFScenario (Z_WFScenario_ID,AD_Org_ID,AD_Client_ID,C_Activity_ID,C_DocType_ID,Created,CreatedBy,GrandTotal,IsActive,IsAssetProject,Line,Updated,UpdatedBy,User1_ID,Value,CopyFrom) VALUES (1000157,0,1000001,1000012,550003,TO_DATE('2016-11-07 15:25:59','YYYY-MM-DD HH24:MI:SS'),100,1000000.000000000000,'Y','N',10.000000000000,TO_DATE('2016-11-07 15:25:59','YYYY-MM-DD HH24:MI:SS'),100,1001053,'ER activity-7 GA ','N')
;

-- Nov 7, 2016 3:26:14 PM WIT
--  
INSERT INTO Z_WFScenarioLine (Z_WFScenario_ID,CreatedBy,GrandTotal,AD_Org_ID,AD_WF_Responsible_ID,Created,IsActive,Line,UpdatedBy,Updated,Z_WFScenarioLine_ID,AD_Client_ID) VALUES (1000157,100,-1.000000000000,0,550236,TO_DATE('2016-11-07 15:26:14','YYYY-MM-DD HH24:MI:SS'),'Y',0,100,TO_DATE('2016-11-07 15:26:14','YYYY-MM-DD HH24:MI:SS'),1000313,1000001)
;

-- Nov 7, 2016 3:26:23 PM WIT
--  
INSERT INTO Z_WFScenarioLine (Z_WFScenario_ID,CreatedBy,GrandTotal,AD_Org_ID,AD_WF_Responsible_ID,Created,IsActive,Line,UpdatedBy,Updated,Z_WFScenarioLine_ID,AD_Client_ID) VALUES (1000157,100,-1.000000000000,0,550221,TO_DATE('2016-11-07 15:26:23','YYYY-MM-DD HH24:MI:SS'),'Y',10,100,TO_DATE('2016-11-07 15:26:23','YYYY-MM-DD HH24:MI:SS'),1000314,1000001)
;

-- Nov 7, 2016 3:26:32 PM WIT
--  
INSERT INTO Z_WFScenario (Z_WFScenario_ID,AD_Org_ID,AD_Client_ID,C_Activity_ID,C_DocType_ID,Created,CreatedBy,GrandTotal,IsActive,IsAssetProject,Line,Updated,UpdatedBy,User1_ID,Value,CopyFrom) VALUES (1000158,0,1000001,1000012,550003,TO_DATE('2016-11-07 15:26:32','YYYY-MM-DD HH24:MI:SS'),100,0,'Y','N',0,TO_DATE('2016-11-07 15:26:32','YYYY-MM-DD HH24:MI:SS'),100,1001053,'ER activity-7 GA >1jt','N')
;

-- Nov 7, 2016 3:26:57 PM WIT
--  
UPDATE Z_WFScenario SET Value='ER activity-7 GA',Updated=TO_DATE('2016-11-07 15:26:57','YYYY-MM-DD HH24:MI:SS'),UpdatedBy=100 WHERE Z_WFScenario_ID=1000157
;

-- Nov 7, 2016 3:27:02 PM WIT
--  
INSERT INTO Z_WFScenarioLine (Z_WFScenario_ID,CreatedBy,GrandTotal,AD_Org_ID,AD_WF_Responsible_ID,Created,IsActive,Line,UpdatedBy,Updated,Z_WFScenarioLine_ID,AD_Client_ID) VALUES (1000158,100,-1.000000000000,0,550236,TO_DATE('2016-11-07 15:27:02','YYYY-MM-DD HH24:MI:SS'),'Y',0,100,TO_DATE('2016-11-07 15:27:02','YYYY-MM-DD HH24:MI:SS'),1000315,1000001)
;

-- Nov 7, 2016 3:27:02 PM WIT
--  
INSERT INTO Z_WFScenarioLine (Z_WFScenario_ID,CreatedBy,GrandTotal,AD_Org_ID,AD_WF_Responsible_ID,Created,IsActive,Line,UpdatedBy,Updated,Z_WFScenarioLine_ID,AD_Client_ID) VALUES (1000158,100,-1.000000000000,0,550221,TO_DATE('2016-11-07 15:27:02','YYYY-MM-DD HH24:MI:SS'),'Y',10,100,TO_DATE('2016-11-07 15:27:02','YYYY-MM-DD HH24:MI:SS'),1000316,1000001)
;

-- Nov 7, 2016 3:28:26 PM WIT
--  
INSERT INTO AD_Role (C_Currency_ID,AD_Role_ID,AmtApproval,IsPersonalLock,IsUseUserOrgAccess,IsPersonalAccess,IsShowAcct,IsCanReport,IsChangeLog,OverwritePriceLimit,Allow_Info_Asset,Allow_Info_Order,Allow_Info_BPartner,Allow_Info_InOut,Allow_Info_Invoice,Allow_Info_Payment,Allow_Info_Resource,Allow_Info_Schedule,Allow_Info_Product,Allow_Info_Account,MaxQueryRecords,ConfirmQueryRecords,AmtApprovalAccum,DaysApprovalAccum,Description,Name,IsCanApproveOwnDoc,AD_Role_UU,PreferenceType,IsAccessAllOrgs,Updated,IsActive,IsMenuAutoExpand,IsManual,IsMasterRole,UserLevel,IsCanExport,IsAccessAdvanced,AD_Client_ID,AD_Org_ID,Created,UpdatedBy,CreatedBy,IsAllowMultiplePrint) VALUES (303,2000215,9999999999999.000000000000,'N','Y','N','N','Y','Y','N','Y','N','N','N','N','N','Y','N','N','N',0,0,9999999999999.000000000000,0,'Role approval for Warehouse Manager','W_App_Mgr-GA','N','f78ebb69-6d01-466e-8f0c-b336697395f9','O','N',TO_DATE('2016-11-07 15:28:26','YYYY-MM-DD HH24:MI:SS'),'Y','N','Y','N',' CO','Y','N',1000001,0,TO_DATE('2016-11-07 15:28:26','YYYY-MM-DD HH24:MI:SS'),100,100,'N')
;

-- Nov 7, 2016 3:28:26 PM WIT
--  
INSERT INTO AD_User_Roles (AD_Role_ID,AD_User_Roles_UU,Updated,IsActive,AD_Client_ID,AD_Org_ID,AD_User_ID,Created,UpdatedBy,CreatedBy) VALUES (2000215,'f423da4b-1740-4da5-9ab5-4695bdab40bc',TO_DATE('2016-11-07 15:28:26','YYYY-MM-DD HH24:MI:SS'),'Y',1000001,0,100,TO_DATE('2016-11-07 15:28:26','YYYY-MM-DD HH24:MI:SS'),100,100)
;

-- Nov 7, 2016 3:28:56 PM WIT
--  
UPDATE AD_WF_Responsible SET Name='W_App_Mgr-GA', AD_Role_ID=2000215,Updated=TO_DATE('2016-11-07 15:28:56','YYYY-MM-DD HH24:MI:SS'),UpdatedBy=100 WHERE AD_WF_Responsible_ID=550240
;

-- Nov 7, 2016 3:29:07 PM WIT
--  
UPDATE Z_WFScenarioLine SET AD_WF_Responsible_ID=550240,Updated=TO_DATE('2016-11-07 15:29:07','YYYY-MM-DD HH24:MI:SS'),UpdatedBy=100 WHERE Z_WFScenarioLine_ID=1000314
;

-- Nov 7, 2016 3:29:55 PM WIT
--  
INSERT INTO Z_WFScenario (Z_WFScenario_ID,AD_Org_ID,AD_Client_ID,C_Activity_ID,C_DocType_ID,Created,CreatedBy,GrandTotal,IsActive,IsAssetProject,Line,Updated,UpdatedBy,User1_ID,Value,CopyFrom) VALUES (1000159,0,1000001,1000012,550003,TO_DATE('2016-11-07 15:29:55','YYYY-MM-DD HH24:MI:SS'),100,1000000.000000000000,'Y','N',10.000000000000,TO_DATE('2016-11-07 15:29:55','YYYY-MM-DD HH24:MI:SS'),100,1001166,'ER activity-7 HeadSales','N')
;

-- Nov 7, 2016 3:30:17 PM WIT
--  
INSERT INTO Z_WFScenarioLine (Z_WFScenario_ID,CreatedBy,GrandTotal,AD_Org_ID,AD_WF_Responsible_ID,Created,IsActive,Line,UpdatedBy,Updated,Z_WFScenarioLine_ID,AD_Client_ID) VALUES (1000159,100,-1.000000000000,0,550236,TO_DATE('2016-11-07 15:30:17','YYYY-MM-DD HH24:MI:SS'),'Y',0,100,TO_DATE('2016-11-07 15:30:17','YYYY-MM-DD HH24:MI:SS'),1000317,1000001)
;

-- Nov 7, 2016 3:31:55 PM WIT
--  
INSERT INTO AD_Role (C_Currency_ID,AD_Role_ID,AmtApproval,IsPersonalLock,IsUseUserOrgAccess,IsPersonalAccess,IsShowAcct,IsCanReport,IsChangeLog,OverwritePriceLimit,Allow_Info_Asset,Allow_Info_Order,Allow_Info_BPartner,Allow_Info_InOut,Allow_Info_Invoice,Allow_Info_Payment,Allow_Info_Resource,Allow_Info_Schedule,Allow_Info_Product,Allow_Info_Account,MaxQueryRecords,ConfirmQueryRecords,AmtApprovalAccum,DaysApprovalAccum,Description,Name,IsCanApproveOwnDoc,AD_Role_UU,PreferenceType,IsAccessAllOrgs,Updated,IsActive,IsMenuAutoExpand,IsManual,IsMasterRole,UserLevel,IsCanExport,IsAccessAdvanced,AD_Client_ID,AD_Org_ID,Created,UpdatedBy,CreatedBy,IsAllowMultiplePrint) VALUES (303,2000216,9999999999999.000000000000,'N','Y','N','N','Y','Y','N','Y','N','N','N','N','N','Y','N','N','N',0,0,9999999999999.000000000000,0,'Role approval for Purchasing Manager','W_App_Mgr_Head Of Sales','N','51375c3b-6074-4117-bfa8-ff55c2e766da','O','N',TO_DATE('2016-11-07 15:31:54','YYYY-MM-DD HH24:MI:SS'),'Y','N','Y','N',' CO','Y','N',1000001,0,TO_DATE('2016-11-07 15:31:54','YYYY-MM-DD HH24:MI:SS'),100,100,'N')
;

-- Nov 7, 2016 3:31:55 PM WIT
--  
INSERT INTO AD_User_Roles (AD_Role_ID,AD_User_Roles_UU,Updated,IsActive,AD_Client_ID,AD_Org_ID,AD_User_ID,Created,UpdatedBy,CreatedBy) VALUES (2000216,'7dbca6e1-a2b4-4926-a937-20118fd73897',TO_DATE('2016-11-07 15:31:55','YYYY-MM-DD HH24:MI:SS'),'Y',1000001,0,100,TO_DATE('2016-11-07 15:31:55','YYYY-MM-DD HH24:MI:SS'),100,100)
;

-- Nov 7, 2016 3:32:15 PM WIT
--  
INSERT INTO AD_WF_Responsible (AD_WF_Responsible_ID,ResponsibleType,EntityType,AD_WF_Responsible_UU,Name,IsActive,Updated,AD_Role_ID,AD_Org_ID,Created,UpdatedBy,CreatedBy,AD_Client_ID) VALUES (550241,'R','U','18f28f15-830a-4504-adf7-6d3adca75dd2','W_App_Mgr-Head Of Sales','Y',TO_DATE('2016-11-07 15:32:15','YYYY-MM-DD HH24:MI:SS'),2000216,0,TO_DATE('2016-11-07 15:32:15','YYYY-MM-DD HH24:MI:SS'),100,100,1000001)
;

-- Nov 7, 2016 3:32:32 PM WIT
--  
INSERT INTO Z_WFScenarioLine (Z_WFScenario_ID,CreatedBy,GrandTotal,AD_Org_ID,AD_WF_Responsible_ID,Created,IsActive,Line,UpdatedBy,Updated,Z_WFScenarioLine_ID,AD_Client_ID) VALUES (1000159,100,-1.000000000000,0,550241,TO_DATE('2016-11-07 15:32:32','YYYY-MM-DD HH24:MI:SS'),'Y',10,100,TO_DATE('2016-11-07 15:32:32','YYYY-MM-DD HH24:MI:SS'),1000318,1000001)
;

-- Nov 7, 2016 3:32:51 PM WIT
--  
INSERT INTO Z_WFScenario (Z_WFScenario_ID,AD_Org_ID,AD_Client_ID,C_Activity_ID,C_DocType_ID,Created,CreatedBy,GrandTotal,IsActive,IsAssetProject,Line,Updated,UpdatedBy,User1_ID,Value,CopyFrom) VALUES (1000160,0,1000001,1000012,550003,TO_DATE('2016-11-07 15:32:51','YYYY-MM-DD HH24:MI:SS'),100,0,'Y','N',0,TO_DATE('2016-11-07 15:32:51','YYYY-MM-DD HH24:MI:SS'),100,1001166,'ER activity-7 HeadSales >1jt','N')
;

-- Nov 7, 2016 3:33:28 PM WIT
--  
INSERT INTO Z_WFScenarioLine (Z_WFScenario_ID,CreatedBy,GrandTotal,AD_Org_ID,AD_WF_Responsible_ID,Created,IsActive,Line,UpdatedBy,Updated,Z_WFScenarioLine_ID,AD_Client_ID) VALUES (1000160,100,-1.000000000000,0,550236,TO_DATE('2016-11-07 15:33:28','YYYY-MM-DD HH24:MI:SS'),'Y',0,100,TO_DATE('2016-11-07 15:33:28','YYYY-MM-DD HH24:MI:SS'),1000319,1000001)
;

-- Nov 7, 2016 3:33:28 PM WIT
--  
INSERT INTO Z_WFScenarioLine (Z_WFScenario_ID,CreatedBy,GrandTotal,AD_Org_ID,AD_WF_Responsible_ID,Created,IsActive,Line,UpdatedBy,Updated,Z_WFScenarioLine_ID,AD_Client_ID) VALUES (1000160,100,-1.000000000000,0,550241,TO_DATE('2016-11-07 15:33:28','YYYY-MM-DD HH24:MI:SS'),'Y',10,100,TO_DATE('2016-11-07 15:33:28','YYYY-MM-DD HH24:MI:SS'),1000320,1000001)
;

-- Nov 7, 2016 3:33:41 PM WIT
--  
UPDATE Z_WFScenarioLine SET AD_WF_Responsible_ID=550230,Updated=TO_DATE('2016-11-07 15:33:41','YYYY-MM-DD HH24:MI:SS'),UpdatedBy=100 WHERE Z_WFScenarioLine_ID=1000320
;

-- Nov 7, 2016 3:34:10 PM WIT
--  
INSERT INTO Z_WFScenario (Z_WFScenario_ID,AD_Org_ID,AD_Client_ID,C_Activity_ID,C_DocType_ID,Created,CreatedBy,GrandTotal,IsActive,IsAssetProject,Line,Updated,UpdatedBy,User1_ID,Value,CopyFrom) VALUES (1000161,0,1000001,1000012,550003,TO_DATE('2016-11-07 15:34:10','YYYY-MM-DD HH24:MI:SS'),100,1000000.000000000000,'Y','N',10.000000000000,TO_DATE('2016-11-07 15:34:10','YYYY-MM-DD HH24:MI:SS'),100,1001047,'ER activity-7 HRD','N')
;

-- Nov 7, 2016 3:34:22 PM WIT
--  
INSERT INTO Z_WFScenarioLine (Z_WFScenario_ID,CreatedBy,GrandTotal,AD_Org_ID,AD_WF_Responsible_ID,Created,IsActive,Line,UpdatedBy,Updated,Z_WFScenarioLine_ID,AD_Client_ID) VALUES (1000161,100,-1.000000000000,0,550236,TO_DATE('2016-11-07 15:34:21','YYYY-MM-DD HH24:MI:SS'),'Y',0,100,TO_DATE('2016-11-07 15:34:21','YYYY-MM-DD HH24:MI:SS'),1000321,1000001)
;

-- Nov 7, 2016 3:35:07 PM WIT
--  
INSERT INTO Z_WFScenarioLine (Z_WFScenario_ID,CreatedBy,GrandTotal,AD_Org_ID,AD_WF_Responsible_ID,Created,IsActive,Line,UpdatedBy,Updated,Z_WFScenarioLine_ID,AD_Client_ID) VALUES (1000161,100,-1.000000000000,0,550233,TO_DATE('2016-11-07 15:35:07','YYYY-MM-DD HH24:MI:SS'),'Y',10,100,TO_DATE('2016-11-07 15:35:07','YYYY-MM-DD HH24:MI:SS'),1000322,1000001)
;

-- Nov 7, 2016 3:35:23 PM WIT
--  
INSERT INTO Z_WFScenario (Z_WFScenario_ID,AD_Org_ID,AD_Client_ID,C_Activity_ID,C_DocType_ID,Created,CreatedBy,GrandTotal,IsActive,IsAssetProject,Line,Updated,UpdatedBy,User1_ID,Value,CopyFrom) VALUES (1000162,0,1000001,1000012,550003,TO_DATE('2016-11-07 15:35:23','YYYY-MM-DD HH24:MI:SS'),100,0,'Y','N',0,TO_DATE('2016-11-07 15:35:23','YYYY-MM-DD HH24:MI:SS'),100,1001047,'ER activity-7 HRD >1jt','N')
;

-- Nov 7, 2016 3:35:40 PM WIT
--  
INSERT INTO Z_WFScenarioLine (Z_WFScenario_ID,CreatedBy,GrandTotal,AD_Org_ID,AD_WF_Responsible_ID,Created,IsActive,Line,UpdatedBy,Updated,Z_WFScenarioLine_ID,AD_Client_ID) VALUES (1000162,100,-1.000000000000,0,550236,TO_DATE('2016-11-07 15:35:39','YYYY-MM-DD HH24:MI:SS'),'Y',0,100,TO_DATE('2016-11-07 15:35:39','YYYY-MM-DD HH24:MI:SS'),1000323,1000001)
;

-- Nov 7, 2016 3:35:40 PM WIT
--  
INSERT INTO Z_WFScenarioLine (Z_WFScenario_ID,CreatedBy,GrandTotal,AD_Org_ID,AD_WF_Responsible_ID,Created,IsActive,Line,UpdatedBy,Updated,Z_WFScenarioLine_ID,AD_Client_ID) VALUES (1000162,100,-1.000000000000,0,550233,TO_DATE('2016-11-07 15:35:40','YYYY-MM-DD HH24:MI:SS'),'Y',10,100,TO_DATE('2016-11-07 15:35:40','YYYY-MM-DD HH24:MI:SS'),1000324,1000001)
;

-- Nov 7, 2016 3:36:00 PM WIT
--  
UPDATE Z_WFScenarioLine SET AD_WF_Responsible_ID=550215,Updated=TO_DATE('2016-11-07 15:36:00','YYYY-MM-DD HH24:MI:SS'),UpdatedBy=100 WHERE Z_WFScenarioLine_ID=1000324
;

-- Nov 7, 2016 3:36:31 PM WIT
--  
INSERT INTO Z_WFScenario (Z_WFScenario_ID,AD_Org_ID,AD_Client_ID,C_Activity_ID,C_DocType_ID,Created,CreatedBy,GrandTotal,IsActive,IsAssetProject,Line,Updated,UpdatedBy,User1_ID,Value,CopyFrom) VALUES (1000163,0,1000001,1000012,550003,TO_DATE('2016-11-07 15:36:31','YYYY-MM-DD HH24:MI:SS'),100,0,'Y','N',0,TO_DATE('2016-11-07 15:36:31','YYYY-MM-DD HH24:MI:SS'),100,1001051,'ER activity-7 IT Tech','N')
;

-- Nov 7, 2016 3:36:40 PM WIT
--  
UPDATE Z_WFScenario SET GrandTotal=1000000.000000000000, Line=10.000000000000,Updated=TO_DATE('2016-11-07 15:36:40','YYYY-MM-DD HH24:MI:SS'),UpdatedBy=100 WHERE Z_WFScenario_ID=1000163
;

-- Nov 7, 2016 3:36:50 PM WIT
--  
INSERT INTO Z_WFScenarioLine (Z_WFScenario_ID,CreatedBy,GrandTotal,AD_Org_ID,AD_WF_Responsible_ID,Created,IsActive,Line,UpdatedBy,Updated,Z_WFScenarioLine_ID,AD_Client_ID) VALUES (1000163,100,-1.000000000000,0,550236,TO_DATE('2016-11-07 15:36:50','YYYY-MM-DD HH24:MI:SS'),'Y',0,100,TO_DATE('2016-11-07 15:36:50','YYYY-MM-DD HH24:MI:SS'),1000325,1000001)
;

-- Nov 7, 2016 3:38:27 PM WIT
--  
INSERT INTO AD_Role (C_Currency_ID,AD_Role_ID,AmtApproval,IsPersonalLock,IsUseUserOrgAccess,IsPersonalAccess,IsShowAcct,IsCanReport,IsChangeLog,OverwritePriceLimit,Allow_Info_Asset,Allow_Info_Order,Allow_Info_BPartner,Allow_Info_InOut,Allow_Info_Invoice,Allow_Info_Payment,Allow_Info_Resource,Allow_Info_Schedule,Allow_Info_Product,Allow_Info_Account,MaxQueryRecords,ConfirmQueryRecords,AmtApprovalAccum,DaysApprovalAccum,Description,Name,IsCanApproveOwnDoc,AD_Role_UU,PreferenceType,IsAccessAllOrgs,Updated,IsActive,IsMenuAutoExpand,IsManual,IsMasterRole,UserLevel,IsCanExport,IsAccessAdvanced,AD_Client_ID,AD_Org_ID,Created,UpdatedBy,CreatedBy,IsAllowMultiplePrint) VALUES (303,2000217,9999999999999.000000000000,'N','Y','N','N','Y','Y','N','Y','N','N','N','N','N','Y','N','N','N',0,0,9999999999999.000000000000,0,'Role approval for Manager cost center IT','W_App_Mgr-IT','N','6b116dda-4c4a-464d-8852-a7581519f6ef','O','N',TO_DATE('2016-11-07 15:38:27','YYYY-MM-DD HH24:MI:SS'),'Y','N','Y','N',' CO','Y','N',1000001,0,TO_DATE('2016-11-07 15:38:27','YYYY-MM-DD HH24:MI:SS'),100,100,'N')
;

-- Nov 7, 2016 3:38:27 PM WIT
--  
INSERT INTO AD_User_Roles (AD_Role_ID,AD_User_Roles_UU,Updated,IsActive,AD_Client_ID,AD_Org_ID,AD_User_ID,Created,UpdatedBy,CreatedBy) VALUES (2000217,'d2660d46-eddd-4048-9c90-56a94d62db62',TO_DATE('2016-11-07 15:38:27','YYYY-MM-DD HH24:MI:SS'),'Y',1000001,0,100,TO_DATE('2016-11-07 15:38:27','YYYY-MM-DD HH24:MI:SS'),100,100)
;

-- Nov 7, 2016 3:38:37 PM WIT
--  
INSERT INTO AD_WF_Responsible (AD_WF_Responsible_ID,ResponsibleType,EntityType,AD_WF_Responsible_UU,Name,IsActive,Updated,AD_Role_ID,AD_Org_ID,Created,UpdatedBy,CreatedBy,AD_Client_ID) VALUES (550242,'R','U','aae7eac1-5861-49db-b05c-04cd557ffba7','W_App_Mgr-IT','Y',TO_DATE('2016-11-07 15:38:37','YYYY-MM-DD HH24:MI:SS'),2000217,0,TO_DATE('2016-11-07 15:38:37','YYYY-MM-DD HH24:MI:SS'),100,100,1000001)
;

-- Nov 7, 2016 3:38:54 PM WIT
--  
INSERT INTO Z_WFScenarioLine (Z_WFScenario_ID,CreatedBy,GrandTotal,AD_Org_ID,AD_WF_Responsible_ID,Created,IsActive,Line,UpdatedBy,Updated,Z_WFScenarioLine_ID,AD_Client_ID) VALUES (1000163,100,-1.000000000000,0,550242,TO_DATE('2016-11-07 15:38:54','YYYY-MM-DD HH24:MI:SS'),'Y',10,100,TO_DATE('2016-11-07 15:38:54','YYYY-MM-DD HH24:MI:SS'),1000326,1000001)
;

-- Nov 7, 2016 3:39:43 PM WIT
--  
INSERT INTO Z_WFScenario (Z_WFScenario_ID,AD_Org_ID,AD_Client_ID,C_Activity_ID,C_DocType_ID,Created,CreatedBy,GrandTotal,IsActive,IsAssetProject,Line,Updated,UpdatedBy,User1_ID,Value,CopyFrom) VALUES (1000164,0,1000001,1000012,550003,TO_DATE('2016-11-07 15:39:43','YYYY-MM-DD HH24:MI:SS'),100,1000000.000000000000,'Y','N',10.000000000000,TO_DATE('2016-11-07 15:39:43','YYYY-MM-DD HH24:MI:SS'),100,1001171,'ER activity-7 SLS-LEG','N')
;

-- Nov 7, 2016 3:40:44 PM WIT
--  
INSERT INTO Z_WFScenarioLine (Z_WFScenario_ID,CreatedBy,GrandTotal,AD_Org_ID,AD_WF_Responsible_ID,Created,IsActive,Line,UpdatedBy,Updated,Z_WFScenarioLine_ID,AD_Client_ID) VALUES (1000164,100,-1.000000000000,0,550192,TO_DATE('2016-11-07 15:40:44','YYYY-MM-DD HH24:MI:SS'),'Y',0,100,TO_DATE('2016-11-07 15:40:44','YYYY-MM-DD HH24:MI:SS'),1000327,1000001)
;

-- Nov 7, 2016 3:41:18 PM WIT
--  
UPDATE Z_WFScenarioLine SET AD_WF_Responsible_ID=550236,Updated=TO_DATE('2016-11-07 15:41:18','YYYY-MM-DD HH24:MI:SS'),UpdatedBy=100 WHERE Z_WFScenarioLine_ID=1000327
;

-- Nov 7, 2016 3:41:28 PM WIT
--  
INSERT INTO Z_WFScenarioLine (Z_WFScenario_ID,CreatedBy,GrandTotal,AD_Org_ID,AD_WF_Responsible_ID,Created,IsActive,Line,UpdatedBy,Updated,Z_WFScenarioLine_ID,AD_Client_ID) VALUES (1000164,100,-1.000000000000,0,550192,TO_DATE('2016-11-07 15:41:28','YYYY-MM-DD HH24:MI:SS'),'Y',10,100,TO_DATE('2016-11-07 15:41:28','YYYY-MM-DD HH24:MI:SS'),1000328,1000001)
;

-- Nov 7, 2016 3:41:41 PM WIT
--  
INSERT INTO Z_WFScenario (Z_WFScenario_ID,AD_Org_ID,AD_Client_ID,C_Activity_ID,C_DocType_ID,Created,CreatedBy,GrandTotal,IsActive,IsAssetProject,Line,Updated,UpdatedBy,User1_ID,Value,CopyFrom) VALUES (1000165,0,1000001,1000012,550003,TO_DATE('2016-11-07 15:41:41','YYYY-MM-DD HH24:MI:SS'),100,0,'Y','N',0,TO_DATE('2016-11-07 15:41:41','YYYY-MM-DD HH24:MI:SS'),100,1001171,'ER activity-7 SLS-LEG >1jt','N')
;

-- Nov 7, 2016 3:41:45 PM WIT
--  
INSERT INTO Z_WFScenarioLine (Z_WFScenario_ID,CreatedBy,GrandTotal,AD_Org_ID,AD_WF_Responsible_ID,Created,IsActive,Line,UpdatedBy,Updated,Z_WFScenarioLine_ID,AD_Client_ID) VALUES (1000165,100,-1.000000000000,0,550236,TO_DATE('2016-11-07 15:41:45','YYYY-MM-DD HH24:MI:SS'),'Y',0,100,TO_DATE('2016-11-07 15:41:45','YYYY-MM-DD HH24:MI:SS'),1000329,1000001)
;

-- Nov 7, 2016 3:41:45 PM WIT
--  
INSERT INTO Z_WFScenarioLine (Z_WFScenario_ID,CreatedBy,GrandTotal,AD_Org_ID,AD_WF_Responsible_ID,Created,IsActive,Line,UpdatedBy,Updated,Z_WFScenarioLine_ID,AD_Client_ID) VALUES (1000165,100,-1.000000000000,0,550192,TO_DATE('2016-11-07 15:41:45','YYYY-MM-DD HH24:MI:SS'),'Y',10,100,TO_DATE('2016-11-07 15:41:45','YYYY-MM-DD HH24:MI:SS'),1000330,1000001)
;

-- Nov 7, 2016 3:41:56 PM WIT
--  
UPDATE Z_WFScenarioLine SET AD_WF_Responsible_ID=550225,Updated=TO_DATE('2016-11-07 15:41:56','YYYY-MM-DD HH24:MI:SS'),UpdatedBy=100 WHERE Z_WFScenarioLine_ID=1000330
;

-- Nov 7, 2016 3:42:28 PM WIT
--  
INSERT INTO Z_WFScenario (Z_WFScenario_ID,AD_Org_ID,AD_Client_ID,C_Activity_ID,C_DocType_ID,Created,CreatedBy,GrandTotal,IsActive,IsAssetProject,Line,Updated,UpdatedBy,User1_ID,Value,CopyFrom) VALUES (1000166,0,1000001,1000012,550003,TO_DATE('2016-11-07 15:42:28','YYYY-MM-DD HH24:MI:SS'),100,1000000.000000000000,'Y','N',10.000000000000,TO_DATE('2016-11-07 15:42:28','YYYY-MM-DD HH24:MI:SS'),100,1001165,'ER activity-7 Logistic','N')
;

-- Nov 7, 2016 3:42:39 PM WIT
--  
INSERT INTO Z_WFScenarioLine (Z_WFScenario_ID,CreatedBy,GrandTotal,AD_Org_ID,AD_WF_Responsible_ID,Created,IsActive,Line,UpdatedBy,Updated,Z_WFScenarioLine_ID,AD_Client_ID) VALUES (1000166,100,-1.000000000000,0,550236,TO_DATE('2016-11-07 15:42:39','YYYY-MM-DD HH24:MI:SS'),'Y',0,100,TO_DATE('2016-11-07 15:42:39','YYYY-MM-DD HH24:MI:SS'),1000331,1000001)
;

-- Nov 7, 2016 3:43:33 PM WIT
--  
INSERT INTO AD_Role (C_Currency_ID,AD_Role_ID,AmtApproval,IsPersonalLock,IsUseUserOrgAccess,IsPersonalAccess,IsShowAcct,IsCanReport,IsChangeLog,OverwritePriceLimit,Allow_Info_Asset,Allow_Info_Order,Allow_Info_BPartner,Allow_Info_InOut,Allow_Info_Invoice,Allow_Info_Payment,Allow_Info_Resource,Allow_Info_Schedule,Allow_Info_Product,Allow_Info_Account,MaxQueryRecords,ConfirmQueryRecords,AmtApprovalAccum,DaysApprovalAccum,Description,Name,IsCanApproveOwnDoc,AD_Role_UU,PreferenceType,IsAccessAllOrgs,Updated,IsActive,IsMenuAutoExpand,IsManual,IsMasterRole,UserLevel,IsCanExport,IsAccessAdvanced,AD_Client_ID,AD_Org_ID,Created,UpdatedBy,CreatedBy,IsAllowMultiplePrint) VALUES (303,2000218,9999999999999.000000000000,'N','Y','N','N','Y','Y','N','Y','N','N','N','N','N','Y','N','N','N',0,0,9999999999999.000000000000,0,'Role approval for Manager cost center IT','W_App_Mgr-Logistic','N','274fc795-a631-4e54-b541-8007b0009cab','O','N',TO_DATE('2016-11-07 15:43:33','YYYY-MM-DD HH24:MI:SS'),'Y','N','Y','N',' CO','Y','N',1000001,0,TO_DATE('2016-11-07 15:43:33','YYYY-MM-DD HH24:MI:SS'),100,100,'N')
;

-- Nov 7, 2016 3:43:33 PM WIT
--  
INSERT INTO AD_User_Roles (AD_Role_ID,AD_User_Roles_UU,Updated,IsActive,AD_Client_ID,AD_Org_ID,AD_User_ID,Created,UpdatedBy,CreatedBy) VALUES (2000218,'a591888a-2f4f-47fb-9c30-3a4426540890',TO_DATE('2016-11-07 15:43:33','YYYY-MM-DD HH24:MI:SS'),'Y',1000001,0,100,TO_DATE('2016-11-07 15:43:33','YYYY-MM-DD HH24:MI:SS'),100,100)
;

-- Nov 7, 2016 3:43:42 PM WIT
--  
INSERT INTO AD_WF_Responsible (AD_WF_Responsible_ID,ResponsibleType,EntityType,AD_WF_Responsible_UU,Name,IsActive,Updated,AD_Role_ID,AD_Org_ID,Created,UpdatedBy,CreatedBy,AD_Client_ID) VALUES (550243,'R','U','915040b3-67ab-4ddd-ab0f-97f532f46f18','W_App_Mgr-Logistic','Y',TO_DATE('2016-11-07 15:43:41','YYYY-MM-DD HH24:MI:SS'),2000218,0,TO_DATE('2016-11-07 15:43:41','YYYY-MM-DD HH24:MI:SS'),100,100,1000001)
;

-- Nov 7, 2016 3:44:00 PM WIT
--  
INSERT INTO Z_WFScenarioLine (Z_WFScenario_ID,CreatedBy,GrandTotal,AD_Org_ID,AD_WF_Responsible_ID,Created,IsActive,Line,UpdatedBy,Updated,Z_WFScenarioLine_ID,AD_Client_ID) VALUES (1000166,100,-1.000000000000,0,550243,TO_DATE('2016-11-07 15:44:00','YYYY-MM-DD HH24:MI:SS'),'Y',10,100,TO_DATE('2016-11-07 15:44:00','YYYY-MM-DD HH24:MI:SS'),1000332,1000001)
;

-- Nov 7, 2016 3:44:10 PM WIT
--  
INSERT INTO Z_WFScenario (Z_WFScenario_ID,AD_Org_ID,AD_Client_ID,C_Activity_ID,C_DocType_ID,Created,CreatedBy,GrandTotal,IsActive,IsAssetProject,Line,Updated,UpdatedBy,User1_ID,Value,CopyFrom) VALUES (1000167,0,1000001,1000012,550003,TO_DATE('2016-11-07 15:44:10','YYYY-MM-DD HH24:MI:SS'),100,0,'Y','N',0,TO_DATE('2016-11-07 15:44:10','YYYY-MM-DD HH24:MI:SS'),100,1001165,'ER activity-7 Logistic >1jt','N')
;

-- Nov 7, 2016 3:44:26 PM WIT
--  
INSERT INTO Z_WFScenarioLine (Z_WFScenario_ID,CreatedBy,GrandTotal,AD_Org_ID,AD_WF_Responsible_ID,Created,IsActive,Line,UpdatedBy,Updated,Z_WFScenarioLine_ID,AD_Client_ID) VALUES (1000167,100,-1.000000000000,0,550236,TO_DATE('2016-11-07 15:44:26','YYYY-MM-DD HH24:MI:SS'),'Y',0,100,TO_DATE('2016-11-07 15:44:26','YYYY-MM-DD HH24:MI:SS'),1000333,1000001)
;

-- Nov 7, 2016 3:44:26 PM WIT
--  
INSERT INTO Z_WFScenarioLine (Z_WFScenario_ID,CreatedBy,GrandTotal,AD_Org_ID,AD_WF_Responsible_ID,Created,IsActive,Line,UpdatedBy,Updated,Z_WFScenarioLine_ID,AD_Client_ID) VALUES (1000167,100,-1.000000000000,0,550243,TO_DATE('2016-11-07 15:44:26','YYYY-MM-DD HH24:MI:SS'),'Y',10,100,TO_DATE('2016-11-07 15:44:26','YYYY-MM-DD HH24:MI:SS'),1000334,1000001)
;

-- Nov 7, 2016 3:44:45 PM WIT
--  
UPDATE Z_WFScenarioLine SET AD_WF_Responsible_ID=550231,Updated=TO_DATE('2016-11-07 15:44:45','YYYY-MM-DD HH24:MI:SS'),UpdatedBy=100 WHERE Z_WFScenarioLine_ID=1000334
;

-- Nov 7, 2016 3:45:15 PM WIT
--  
INSERT INTO Z_WFScenario (Z_WFScenario_ID,AD_Org_ID,AD_Client_ID,C_Activity_ID,C_DocType_ID,Created,CreatedBy,GrandTotal,IsActive,IsAssetProject,Line,Updated,UpdatedBy,User1_ID,Value,CopyFrom) VALUES (1000168,0,1000001,1000012,550003,TO_DATE('2016-11-07 15:45:14','YYYY-MM-DD HH24:MI:SS'),100,1000000.000000000000,'Y','N',10.000000000000,TO_DATE('2016-11-07 15:45:14','YYYY-MM-DD HH24:MI:SS'),100,1001170,'ER activity-7 SLS-PN','N')
;

-- Nov 7, 2016 3:45:40 PM WIT
--  
INSERT INTO Z_WFScenarioLine (Z_WFScenario_ID,CreatedBy,GrandTotal,AD_Org_ID,AD_WF_Responsible_ID,Created,IsActive,Line,UpdatedBy,Updated,Z_WFScenarioLine_ID,AD_Client_ID) VALUES (1000168,100,-1.000000000000,0,550236,TO_DATE('2016-11-07 15:45:40','YYYY-MM-DD HH24:MI:SS'),'Y',0,100,TO_DATE('2016-11-07 15:45:40','YYYY-MM-DD HH24:MI:SS'),1000335,1000001)
;

-- Nov 7, 2016 3:45:51 PM WIT
--  
INSERT INTO Z_WFScenarioLine (Z_WFScenario_ID,CreatedBy,GrandTotal,AD_Org_ID,AD_WF_Responsible_ID,Created,IsActive,Line,UpdatedBy,Updated,Z_WFScenarioLine_ID,AD_Client_ID) VALUES (1000168,100,-1.000000000000,0,550193,TO_DATE('2016-11-07 15:45:51','YYYY-MM-DD HH24:MI:SS'),'Y',10,100,TO_DATE('2016-11-07 15:45:51','YYYY-MM-DD HH24:MI:SS'),1000336,1000001)
;

-- Nov 7, 2016 3:46:13 PM WIT
--  
INSERT INTO Z_WFScenario (Z_WFScenario_ID,AD_Org_ID,AD_Client_ID,C_Activity_ID,C_DocType_ID,Created,CreatedBy,GrandTotal,IsActive,IsAssetProject,Line,Updated,UpdatedBy,User1_ID,Value,CopyFrom) VALUES (1000169,0,1000001,1000012,550003,TO_DATE('2016-11-07 15:46:13','YYYY-MM-DD HH24:MI:SS'),100,0,'Y','N',0,TO_DATE('2016-11-07 15:46:13','YYYY-MM-DD HH24:MI:SS'),100,1001170,'ER activity-7 SLS-PN >1jt','N')
;

-- Nov 7, 2016 3:46:16 PM WIT
--  
INSERT INTO Z_WFScenarioLine (Z_WFScenario_ID,CreatedBy,GrandTotal,AD_Org_ID,AD_WF_Responsible_ID,Created,IsActive,Line,UpdatedBy,Updated,Z_WFScenarioLine_ID,AD_Client_ID) VALUES (1000169,100,-1.000000000000,0,550236,TO_DATE('2016-11-07 15:46:16','YYYY-MM-DD HH24:MI:SS'),'Y',0,100,TO_DATE('2016-11-07 15:46:16','YYYY-MM-DD HH24:MI:SS'),1000337,1000001)
;

-- Nov 7, 2016 3:46:16 PM WIT
--  
INSERT INTO Z_WFScenarioLine (Z_WFScenario_ID,CreatedBy,GrandTotal,AD_Org_ID,AD_WF_Responsible_ID,Created,IsActive,Line,UpdatedBy,Updated,Z_WFScenarioLine_ID,AD_Client_ID) VALUES (1000169,100,-1.000000000000,0,550193,TO_DATE('2016-11-07 15:46:16','YYYY-MM-DD HH24:MI:SS'),'Y',10,100,TO_DATE('2016-11-07 15:46:16','YYYY-MM-DD HH24:MI:SS'),1000338,1000001)
;

-- Nov 7, 2016 3:46:31 PM WIT
--  
UPDATE Z_WFScenarioLine SET AD_WF_Responsible_ID=550226,Updated=TO_DATE('2016-11-07 15:46:31','YYYY-MM-DD HH24:MI:SS'),UpdatedBy=100 WHERE Z_WFScenarioLine_ID=1000338
;

-- Nov 7, 2016 3:47:01 PM WIT
--  
INSERT INTO Z_WFScenario (Z_WFScenario_ID,AD_Org_ID,AD_Client_ID,C_Activity_ID,C_DocType_ID,Created,CreatedBy,GrandTotal,IsActive,IsAssetProject,Line,Updated,UpdatedBy,User1_ID,Value,CopyFrom) VALUES (1000170,0,1000001,1000012,550003,TO_DATE('2016-11-07 15:47:01','YYYY-MM-DD HH24:MI:SS'),100,1000000.000000000000,'Y','N',10.000000000000,TO_DATE('2016-11-07 15:47:01','YYYY-MM-DD HH24:MI:SS'),100,1001172,'ER activity-7 SLS-ST','N')
;

-- Nov 7, 2016 3:47:12 PM WIT
--  
INSERT INTO Z_WFScenarioLine (Z_WFScenario_ID,CreatedBy,GrandTotal,AD_Org_ID,AD_WF_Responsible_ID,Created,IsActive,Line,UpdatedBy,Updated,Z_WFScenarioLine_ID,AD_Client_ID) VALUES (1000170,100,-1.000000000000,0,550236,TO_DATE('2016-11-07 15:47:11','YYYY-MM-DD HH24:MI:SS'),'Y',0,100,TO_DATE('2016-11-07 15:47:11','YYYY-MM-DD HH24:MI:SS'),1000339,1000001)
;

-- Nov 7, 2016 3:47:25 PM WIT
--  
INSERT INTO Z_WFScenarioLine (Z_WFScenario_ID,CreatedBy,GrandTotal,AD_Org_ID,AD_WF_Responsible_ID,Created,IsActive,Line,UpdatedBy,Updated,Z_WFScenarioLine_ID,AD_Client_ID) VALUES (1000170,100,-1.000000000000,0,550198,TO_DATE('2016-11-07 15:47:25','YYYY-MM-DD HH24:MI:SS'),'Y',10,100,TO_DATE('2016-11-07 15:47:25','YYYY-MM-DD HH24:MI:SS'),1000340,1000001)
;

-- Nov 7, 2016 3:47:39 PM WIT
--  
INSERT INTO Z_WFScenario (Z_WFScenario_ID,AD_Org_ID,AD_Client_ID,C_Activity_ID,C_DocType_ID,Created,CreatedBy,GrandTotal,IsActive,IsAssetProject,Line,Updated,UpdatedBy,User1_ID,Value,CopyFrom) VALUES (1000171,0,1000001,1000012,550003,TO_DATE('2016-11-07 15:47:39','YYYY-MM-DD HH24:MI:SS'),100,0,'Y','N',0,TO_DATE('2016-11-07 15:47:39','YYYY-MM-DD HH24:MI:SS'),100,1001172,'ER activity-7 SLS-ST >1jt','N')
;

-- Nov 7, 2016 3:47:44 PM WIT
--  
INSERT INTO Z_WFScenarioLine (Z_WFScenario_ID,CreatedBy,GrandTotal,AD_Org_ID,AD_WF_Responsible_ID,Created,IsActive,Line,UpdatedBy,Updated,Z_WFScenarioLine_ID,AD_Client_ID) VALUES (1000171,100,-1.000000000000,0,550236,TO_DATE('2016-11-07 15:47:43','YYYY-MM-DD HH24:MI:SS'),'Y',0,100,TO_DATE('2016-11-07 15:47:43','YYYY-MM-DD HH24:MI:SS'),1000341,1000001)
;

-- Nov 7, 2016 3:47:44 PM WIT
--  
INSERT INTO Z_WFScenarioLine (Z_WFScenario_ID,CreatedBy,GrandTotal,AD_Org_ID,AD_WF_Responsible_ID,Created,IsActive,Line,UpdatedBy,Updated,Z_WFScenarioLine_ID,AD_Client_ID) VALUES (1000171,100,-1.000000000000,0,550198,TO_DATE('2016-11-07 15:47:44','YYYY-MM-DD HH24:MI:SS'),'Y',10,100,TO_DATE('2016-11-07 15:47:44','YYYY-MM-DD HH24:MI:SS'),1000342,1000001)
;

-- Nov 7, 2016 3:47:57 PM WIT
--  
UPDATE Z_WFScenarioLine SET AD_WF_Responsible_ID=550232,Updated=TO_DATE('2016-11-07 15:47:57','YYYY-MM-DD HH24:MI:SS'),UpdatedBy=100 WHERE Z_WFScenarioLine_ID=1000342
;

-- Nov 7, 2016 3:48:22 PM WIT
--  
INSERT INTO Z_WFScenario (Z_WFScenario_ID,AD_Org_ID,AD_Client_ID,C_Activity_ID,C_DocType_ID,Created,CreatedBy,GrandTotal,IsActive,IsAssetProject,Line,Updated,UpdatedBy,User1_ID,Value,CopyFrom) VALUES (1000172,0,1000001,1000012,550003,TO_DATE('2016-11-07 15:48:21','YYYY-MM-DD HH24:MI:SS'),100,1000000.000000000000,'Y','N',10.000000000000,TO_DATE('2016-11-07 15:48:21','YYYY-MM-DD HH24:MI:SS'),100,1001173,'ER activity-7 SLS-SL','N')
;

-- Nov 7, 2016 3:50:20 PM WIT
--  
INSERT INTO AD_Role (C_Currency_ID,AD_Role_ID,AmtApproval,IsPersonalLock,IsUseUserOrgAccess,IsPersonalAccess,IsShowAcct,IsCanReport,IsChangeLog,OverwritePriceLimit,Allow_Info_Asset,Allow_Info_Order,Allow_Info_BPartner,Allow_Info_InOut,Allow_Info_Invoice,Allow_Info_Payment,Allow_Info_Resource,Allow_Info_Schedule,Allow_Info_Product,Allow_Info_Account,MaxQueryRecords,ConfirmQueryRecords,AmtApprovalAccum,DaysApprovalAccum,Description,Name,IsCanApproveOwnDoc,AD_Role_UU,PreferenceType,IsAccessAllOrgs,Updated,IsActive,IsMenuAutoExpand,IsManual,IsMasterRole,UserLevel,IsCanExport,IsAccessAdvanced,AD_Client_ID,AD_Org_ID,Created,UpdatedBy,CreatedBy,IsAllowMultiplePrint) VALUES (303,2000219,9999999999999.000000000000,'N','Y','N','N','Y','Y','N','Y','N','N','N','N','N','Y','N','N','N',0,0,9999999999999.000000000000,0,'Role approval for OM Special Lighting','W_App_OM_ST','N','2ce9e351-9717-4691-9361-694d812afb39','O','N',TO_DATE('2016-11-07 15:50:20','YYYY-MM-DD HH24:MI:SS'),'Y','N','Y','N',' CO','Y','N',1000001,0,TO_DATE('2016-11-07 15:50:20','YYYY-MM-DD HH24:MI:SS'),100,100,'N')
;

-- Nov 7, 2016 3:50:20 PM WIT
--  
INSERT INTO AD_User_Roles (AD_Role_ID,AD_User_Roles_UU,Updated,IsActive,AD_Client_ID,AD_Org_ID,AD_User_ID,Created,UpdatedBy,CreatedBy) VALUES (2000219,'bcd8fb70-5704-44fa-bd4f-0895c8aaaf53',TO_DATE('2016-11-07 15:50:20','YYYY-MM-DD HH24:MI:SS'),'Y',1000001,0,100,TO_DATE('2016-11-07 15:50:20','YYYY-MM-DD HH24:MI:SS'),100,100)
;

-- Nov 7, 2016 3:50:42 PM WIT
--  
INSERT INTO Z_WFScenarioLine (Z_WFScenario_ID,CreatedBy,GrandTotal,AD_Org_ID,AD_WF_Responsible_ID,Created,IsActive,Line,UpdatedBy,Updated,Z_WFScenarioLine_ID,AD_Client_ID) VALUES (1000172,100,-1.000000000000,0,550198,TO_DATE('2016-11-07 15:50:42','YYYY-MM-DD HH24:MI:SS'),'Y',0,100,TO_DATE('2016-11-07 15:50:42','YYYY-MM-DD HH24:MI:SS'),1000343,1000001)
;

-- Nov 7, 2016 3:50:58 PM WIT
--  
UPDATE AD_Role SET Name='W_App_OM_SL',Updated=TO_DATE('2016-11-07 15:50:58','YYYY-MM-DD HH24:MI:SS'),UpdatedBy=100 WHERE AD_Role_ID=2000219
;

-- Nov 7, 2016 3:51:12 PM WIT
--  
INSERT INTO AD_WF_Responsible (AD_WF_Responsible_ID,ResponsibleType,EntityType,AD_WF_Responsible_UU,Name,IsActive,Updated,AD_Role_ID,AD_Org_ID,Created,UpdatedBy,CreatedBy,AD_Client_ID) VALUES (550244,'R','U','c8f5bf3e-5051-4302-99fc-84fef26a0cb8','W_App_OM_SL','Y',TO_DATE('2016-11-07 15:51:11','YYYY-MM-DD HH24:MI:SS'),2000219,0,TO_DATE('2016-11-07 15:51:11','YYYY-MM-DD HH24:MI:SS'),100,100,1000001)
;

-- Nov 7, 2016 3:51:26 PM WIT
--  
UPDATE Z_WFScenarioLine SET AD_WF_Responsible_ID=550244,Updated=TO_DATE('2016-11-07 15:51:26','YYYY-MM-DD HH24:MI:SS'),UpdatedBy=100 WHERE Z_WFScenarioLine_ID=1000343
;

-- Nov 7, 2016 3:52:44 PM WIT
--  
UPDATE AD_Role SET Name='W_App_OM_ST',Updated=TO_DATE('2016-11-07 15:52:44','YYYY-MM-DD HH24:MI:SS'),UpdatedBy=100 WHERE AD_Role_ID=2000137
;

-- Nov 7, 2016 3:52:58 PM WIT
--  
UPDATE AD_WF_Responsible SET Name='W_App_OM_ST',Updated=TO_DATE('2016-11-07 15:52:58','YYYY-MM-DD HH24:MI:SS'),UpdatedBy=100 WHERE AD_WF_Responsible_ID=550198
;

-- Nov 7, 2016 3:53:49 PM WIT
--  
UPDATE AD_WF_Responsible SET Name='W_App_ER_GM_SLS-ST',Updated=TO_DATE('2016-11-07 15:53:49','YYYY-MM-DD HH24:MI:SS'),UpdatedBy=100 WHERE AD_WF_Responsible_ID=550232
;

-- Nov 7, 2016 3:53:57 PM WIT
--  
UPDATE AD_Role SET Name='W_App_ER_GM_SLS-ST',Updated=TO_DATE('2016-11-07 15:53:57','YYYY-MM-DD HH24:MI:SS'),UpdatedBy=100 WHERE AD_Role_ID=2000208
;

-- Nov 7, 2016 3:54:44 PM WIT
--  
UPDATE Z_WFScenarioLine SET AD_WF_Responsible_ID=550236,Updated=TO_DATE('2016-11-07 15:54:44','YYYY-MM-DD HH24:MI:SS'),UpdatedBy=100 WHERE Z_WFScenarioLine_ID=1000343
;

-- Nov 7, 2016 4:02:48 PM WIT
--  
INSERT INTO Z_WFScenarioLine (Z_WFScenario_ID,CreatedBy,GrandTotal,AD_Org_ID,AD_WF_Responsible_ID,Created,IsActive,Line,UpdatedBy,Updated,Z_WFScenarioLine_ID,AD_Client_ID) VALUES (1000172,100,-1.000000000000,0,550244,TO_DATE('2016-11-07 16:02:48','YYYY-MM-DD HH24:MI:SS'),'Y',10,100,TO_DATE('2016-11-07 16:02:48','YYYY-MM-DD HH24:MI:SS'),1000344,1000001)
;

-- Nov 7, 2016 4:03:31 PM WIT
--  
INSERT INTO Z_WFScenario (Z_WFScenario_ID,AD_Org_ID,AD_Client_ID,C_Activity_ID,C_DocType_ID,Created,CreatedBy,GrandTotal,IsActive,IsAssetProject,Line,Updated,UpdatedBy,User1_ID,Value,CopyFrom) VALUES (1000173,0,1000001,1000012,550003,TO_DATE('2016-11-07 16:03:31','YYYY-MM-DD HH24:MI:SS'),100,0,'Y','N',0,TO_DATE('2016-11-07 16:03:31','YYYY-MM-DD HH24:MI:SS'),100,1001173,'ER activity-7 SLS-SL >1jt','N')
;

-- Nov 7, 2016 4:03:36 PM WIT
--  
INSERT INTO Z_WFScenarioLine (Z_WFScenario_ID,CreatedBy,GrandTotal,AD_Org_ID,AD_WF_Responsible_ID,Created,IsActive,Line,UpdatedBy,Updated,Z_WFScenarioLine_ID,AD_Client_ID) VALUES (1000173,100,-1.000000000000,0,550236,TO_DATE('2016-11-07 16:03:36','YYYY-MM-DD HH24:MI:SS'),'Y',0,100,TO_DATE('2016-11-07 16:03:36','YYYY-MM-DD HH24:MI:SS'),1000345,1000001)
;

-- Nov 7, 2016 4:03:36 PM WIT
--  
INSERT INTO Z_WFScenarioLine (Z_WFScenario_ID,CreatedBy,GrandTotal,AD_Org_ID,AD_WF_Responsible_ID,Created,IsActive,Line,UpdatedBy,Updated,Z_WFScenarioLine_ID,AD_Client_ID) VALUES (1000173,100,-1.000000000000,0,550244,TO_DATE('2016-11-07 16:03:36','YYYY-MM-DD HH24:MI:SS'),'Y',10,100,TO_DATE('2016-11-07 16:03:36','YYYY-MM-DD HH24:MI:SS'),1000346,1000001)
;

-- Nov 7, 2016 4:03:48 PM WIT
--  
UPDATE Z_WFScenarioLine SET AD_WF_Responsible_ID=550227,Updated=TO_DATE('2016-11-07 16:03:48','YYYY-MM-DD HH24:MI:SS'),UpdatedBy=100 WHERE Z_WFScenarioLine_ID=1000346
;

-- Nov 7, 2016 4:04:19 PM WIT
--  
INSERT INTO Z_WFScenario (Z_WFScenario_ID,AD_Org_ID,AD_Client_ID,C_Activity_ID,C_DocType_ID,Created,CreatedBy,GrandTotal,IsActive,IsAssetProject,Line,Updated,UpdatedBy,User1_ID,Value,CopyFrom) VALUES (1000174,0,1000001,1000012,550003,TO_DATE('2016-11-07 16:04:19','YYYY-MM-DD HH24:MI:SS'),100,1000000.000000000000,'Y','N',10.000000000000,TO_DATE('2016-11-07 16:04:19','YYYY-MM-DD HH24:MI:SS'),100,1001054,'ER activity-7 Sales Support','N')
;

-- Nov 7, 2016 4:04:29 PM WIT
--  
INSERT INTO Z_WFScenarioLine (Z_WFScenario_ID,CreatedBy,GrandTotal,AD_Org_ID,AD_WF_Responsible_ID,Created,IsActive,Line,UpdatedBy,Updated,Z_WFScenarioLine_ID,AD_Client_ID) VALUES (1000174,100,-1.000000000000,0,550236,TO_DATE('2016-11-07 16:04:29','YYYY-MM-DD HH24:MI:SS'),'Y',0,100,TO_DATE('2016-11-07 16:04:29','YYYY-MM-DD HH24:MI:SS'),1000347,1000001)
;

-- Nov 7, 2016 4:04:53 PM WIT
--  
INSERT INTO Z_WFScenarioLine (Z_WFScenario_ID,CreatedBy,GrandTotal,AD_Org_ID,AD_WF_Responsible_ID,Created,IsActive,Line,UpdatedBy,Updated,Z_WFScenarioLine_ID,AD_Client_ID) VALUES (1000174,100,-1.000000000000,0,550188,TO_DATE('2016-11-07 16:04:53','YYYY-MM-DD HH24:MI:SS'),'Y',10,100,TO_DATE('2016-11-07 16:04:53','YYYY-MM-DD HH24:MI:SS'),1000348,1000001)
;

-- Nov 7, 2016 4:05:20 PM WIT
--  
INSERT INTO Z_WFScenario (Z_WFScenario_ID,AD_Org_ID,AD_Client_ID,C_Activity_ID,C_DocType_ID,Created,CreatedBy,GrandTotal,IsActive,IsAssetProject,Line,Updated,UpdatedBy,User1_ID,Value,CopyFrom) VALUES (1000175,0,1000001,1000012,550003,TO_DATE('2016-11-07 16:05:20','YYYY-MM-DD HH24:MI:SS'),100,0,'Y','N',0,TO_DATE('2016-11-07 16:05:20','YYYY-MM-DD HH24:MI:SS'),100,1001054,'ER activity-7 SalesSupport>1jt','N')
;

-- Nov 7, 2016 4:05:24 PM WIT
--  
INSERT INTO Z_WFScenarioLine (Z_WFScenario_ID,CreatedBy,GrandTotal,AD_Org_ID,AD_WF_Responsible_ID,Created,IsActive,Line,UpdatedBy,Updated,Z_WFScenarioLine_ID,AD_Client_ID) VALUES (1000175,100,-1.000000000000,0,550236,TO_DATE('2016-11-07 16:05:24','YYYY-MM-DD HH24:MI:SS'),'Y',0,100,TO_DATE('2016-11-07 16:05:24','YYYY-MM-DD HH24:MI:SS'),1000349,1000001)
;

-- Nov 7, 2016 4:05:24 PM WIT
--  
INSERT INTO Z_WFScenarioLine (Z_WFScenario_ID,CreatedBy,GrandTotal,AD_Org_ID,AD_WF_Responsible_ID,Created,IsActive,Line,UpdatedBy,Updated,Z_WFScenarioLine_ID,AD_Client_ID) VALUES (1000175,100,-1.000000000000,0,550188,TO_DATE('2016-11-07 16:05:24','YYYY-MM-DD HH24:MI:SS'),'Y',10,100,TO_DATE('2016-11-07 16:05:24','YYYY-MM-DD HH24:MI:SS'),1000350,1000001)
;

-- Nov 7, 2016 4:06:07 PM WIT
--  
UPDATE Z_WFScenarioLine SET AD_WF_Responsible_ID=550212,Updated=TO_DATE('2016-11-07 16:06:07','YYYY-MM-DD HH24:MI:SS'),UpdatedBy=100 WHERE Z_WFScenarioLine_ID=1000350
;

-- Nov 7, 2016 4:07:09 PM WIT
--  
INSERT INTO Z_WFScenario (Z_WFScenario_ID,AD_Org_ID,AD_Client_ID,C_Activity_ID,C_DocType_ID,Created,CreatedBy,GrandTotal,IsActive,IsAssetProject,Line,Updated,UpdatedBy,User1_ID,Value,CopyFrom) VALUES (1000176,0,1000001,1000012,550003,TO_DATE('2016-11-07 16:07:09','YYYY-MM-DD HH24:MI:SS'),100,1000000.000000000000,'Y','N',10.000000000000,TO_DATE('2016-11-07 16:07:09','YYYY-MM-DD HH24:MI:SS'),100,1001167,'ER activity-7 SLS-JKT1','N')
;

-- Nov 7, 2016 4:07:19 PM WIT
--  
INSERT INTO Z_WFScenarioLine (Z_WFScenario_ID,CreatedBy,GrandTotal,AD_Org_ID,AD_WF_Responsible_ID,Created,IsActive,Line,UpdatedBy,Updated,Z_WFScenarioLine_ID,AD_Client_ID) VALUES (1000176,100,-1.000000000000,0,550236,TO_DATE('2016-11-07 16:07:19','YYYY-MM-DD HH24:MI:SS'),'Y',0,100,TO_DATE('2016-11-07 16:07:19','YYYY-MM-DD HH24:MI:SS'),1000351,1000001)
;

-- Nov 7, 2016 4:07:39 PM WIT
--  
INSERT INTO Z_WFScenarioLine (Z_WFScenario_ID,CreatedBy,GrandTotal,AD_Org_ID,AD_WF_Responsible_ID,Created,IsActive,Line,UpdatedBy,Updated,Z_WFScenarioLine_ID,AD_Client_ID) VALUES (1000176,100,-1.000000000000,0,550189,TO_DATE('2016-11-07 16:07:39','YYYY-MM-DD HH24:MI:SS'),'Y',10,100,TO_DATE('2016-11-07 16:07:39','YYYY-MM-DD HH24:MI:SS'),1000352,1000001)
;

-- Nov 7, 2016 4:08:19 PM WIT
--  
INSERT INTO Z_WFScenario (Z_WFScenario_ID,AD_Org_ID,AD_Client_ID,C_Activity_ID,C_DocType_ID,Created,CreatedBy,GrandTotal,IsActive,IsAssetProject,Line,Updated,UpdatedBy,User1_ID,Value,CopyFrom) VALUES (1000177,0,1000001,1000012,550003,TO_DATE('2016-11-07 16:08:19','YYYY-MM-DD HH24:MI:SS'),100,0,'Y','N',0,TO_DATE('2016-11-07 16:08:19','YYYY-MM-DD HH24:MI:SS'),100,1001167,'ER activity-7 SLS-JKT1 >1jt','N')
;

-- Nov 7, 2016 4:08:24 PM WIT
--  
INSERT INTO Z_WFScenarioLine (Z_WFScenario_ID,CreatedBy,GrandTotal,AD_Org_ID,AD_WF_Responsible_ID,Created,IsActive,Line,UpdatedBy,Updated,Z_WFScenarioLine_ID,AD_Client_ID) VALUES (1000177,100,-1.000000000000,0,550236,TO_DATE('2016-11-07 16:08:24','YYYY-MM-DD HH24:MI:SS'),'Y',0,100,TO_DATE('2016-11-07 16:08:24','YYYY-MM-DD HH24:MI:SS'),1000353,1000001)
;

-- Nov 7, 2016 4:08:24 PM WIT
--  
INSERT INTO Z_WFScenarioLine (Z_WFScenario_ID,CreatedBy,GrandTotal,AD_Org_ID,AD_WF_Responsible_ID,Created,IsActive,Line,UpdatedBy,Updated,Z_WFScenarioLine_ID,AD_Client_ID) VALUES (1000177,100,-1.000000000000,0,550189,TO_DATE('2016-11-07 16:08:24','YYYY-MM-DD HH24:MI:SS'),'Y',10,100,TO_DATE('2016-11-07 16:08:24','YYYY-MM-DD HH24:MI:SS'),1000354,1000001)
;

-- Nov 7, 2016 4:08:36 PM WIT
--  
UPDATE Z_WFScenarioLine SET AD_WF_Responsible_ID=550223,Updated=TO_DATE('2016-11-07 16:08:36','YYYY-MM-DD HH24:MI:SS'),UpdatedBy=100 WHERE Z_WFScenarioLine_ID=1000354
;

-- Nov 7, 2016 4:09:26 PM WIT
--  
INSERT INTO Z_WFScenario (Z_WFScenario_ID,AD_Org_ID,AD_Client_ID,C_Activity_ID,C_DocType_ID,Created,CreatedBy,GrandTotal,IsActive,IsAssetProject,Line,Updated,UpdatedBy,User1_ID,Value,CopyFrom) VALUES (1000178,0,1000001,1000012,550003,TO_DATE('2016-11-07 16:09:26','YYYY-MM-DD HH24:MI:SS'),100,1000000.000000000000,'Y','N',10.000000000000,TO_DATE('2016-11-07 16:09:26','YYYY-MM-DD HH24:MI:SS'),100,1001168,'ER activity-7 SLS-JKT2','N')
;

-- Nov 7, 2016 4:09:33 PM WIT
--  
INSERT INTO Z_WFScenarioLine (Z_WFScenario_ID,CreatedBy,GrandTotal,AD_Org_ID,AD_WF_Responsible_ID,Created,IsActive,Line,UpdatedBy,Updated,Z_WFScenarioLine_ID,AD_Client_ID) VALUES (1000178,100,0,0,550236,TO_DATE('2016-11-07 16:09:33','YYYY-MM-DD HH24:MI:SS'),'Y',0,100,TO_DATE('2016-11-07 16:09:33','YYYY-MM-DD HH24:MI:SS'),1000355,1000001)
;

-- Nov 7, 2016 4:09:48 PM WIT
--  
INSERT INTO Z_WFScenarioLine (Z_WFScenario_ID,CreatedBy,GrandTotal,AD_Org_ID,AD_WF_Responsible_ID,Created,IsActive,Line,UpdatedBy,Updated,Z_WFScenarioLine_ID,AD_Client_ID) VALUES (1000178,100,-1.000000000000,0,550190,TO_DATE('2016-11-07 16:09:48','YYYY-MM-DD HH24:MI:SS'),'Y',10,100,TO_DATE('2016-11-07 16:09:48','YYYY-MM-DD HH24:MI:SS'),1000356,1000001)
;

-- Nov 7, 2016 4:09:54 PM WIT
--  
UPDATE Z_WFScenarioLine SET GrandTotal=-1.000000000000,Updated=TO_DATE('2016-11-07 16:09:54','YYYY-MM-DD HH24:MI:SS'),UpdatedBy=100 WHERE Z_WFScenarioLine_ID=1000355
;

-- Nov 7, 2016 4:10:06 PM WIT
--  
INSERT INTO Z_WFScenario (Z_WFScenario_ID,AD_Org_ID,AD_Client_ID,C_Activity_ID,C_DocType_ID,Created,CreatedBy,GrandTotal,IsActive,IsAssetProject,Line,Updated,UpdatedBy,User1_ID,Value,CopyFrom) VALUES (1000179,0,1000001,1000012,550003,TO_DATE('2016-11-07 16:10:06','YYYY-MM-DD HH24:MI:SS'),100,0,'Y','N',0,TO_DATE('2016-11-07 16:10:06','YYYY-MM-DD HH24:MI:SS'),100,1001168,'ER activity-7 SLS-JKT2 >1jt','N')
;

-- Nov 7, 2016 4:10:10 PM WIT
--  
INSERT INTO Z_WFScenarioLine (Z_WFScenario_ID,CreatedBy,GrandTotal,AD_Org_ID,AD_WF_Responsible_ID,Created,IsActive,Line,UpdatedBy,Updated,Z_WFScenarioLine_ID,AD_Client_ID) VALUES (1000179,100,-1.000000000000,0,550236,TO_DATE('2016-11-07 16:10:10','YYYY-MM-DD HH24:MI:SS'),'Y',0,100,TO_DATE('2016-11-07 16:10:10','YYYY-MM-DD HH24:MI:SS'),1000357,1000001)
;

-- Nov 7, 2016 4:10:10 PM WIT
--  
INSERT INTO Z_WFScenarioLine (Z_WFScenario_ID,CreatedBy,GrandTotal,AD_Org_ID,AD_WF_Responsible_ID,Created,IsActive,Line,UpdatedBy,Updated,Z_WFScenarioLine_ID,AD_Client_ID) VALUES (1000179,100,-1.000000000000,0,550190,TO_DATE('2016-11-07 16:10:10','YYYY-MM-DD HH24:MI:SS'),'Y',10,100,TO_DATE('2016-11-07 16:10:10','YYYY-MM-DD HH24:MI:SS'),1000358,1000001)
;

-- Nov 7, 2016 4:10:26 PM WIT
--  
UPDATE Z_WFScenarioLine SET AD_WF_Responsible_ID=550223,Updated=TO_DATE('2016-11-07 16:10:26','YYYY-MM-DD HH24:MI:SS'),UpdatedBy=100 WHERE Z_WFScenarioLine_ID=1000358
;

-- Nov 7, 2016 4:28:46 PM WIT
--  
INSERT INTO Z_WFScenario (Z_WFScenario_ID,AD_Org_ID,AD_Client_ID,C_Activity_ID,C_DocType_ID,Created,CreatedBy,GrandTotal,IsActive,IsAssetProject,Line,Updated,UpdatedBy,User1_ID,Value,CopyFrom) VALUES (1000180,0,1000001,1000012,550003,TO_DATE('2016-11-07 16:28:46','YYYY-MM-DD HH24:MI:SS'),100,1000000.000000000000,'Y','N',10.000000000000,TO_DATE('2016-11-07 16:28:46','YYYY-MM-DD HH24:MI:SS'),100,1001169,'ER activity-7 SLS-JKT4','N')
;

-- Nov 7, 2016 4:28:57 PM WIT
--  
INSERT INTO Z_WFScenarioLine (Z_WFScenario_ID,CreatedBy,GrandTotal,AD_Org_ID,AD_WF_Responsible_ID,Created,IsActive,Line,UpdatedBy,Updated,Z_WFScenarioLine_ID,AD_Client_ID) VALUES (1000180,100,-1.000000000000,0,550236,TO_DATE('2016-11-07 16:28:56','YYYY-MM-DD HH24:MI:SS'),'Y',0,100,TO_DATE('2016-11-07 16:28:56','YYYY-MM-DD HH24:MI:SS'),1000359,1000001)
;

-- Nov 7, 2016 4:29:16 PM WIT
--  
INSERT INTO Z_WFScenarioLine (Z_WFScenario_ID,CreatedBy,GrandTotal,AD_Org_ID,AD_WF_Responsible_ID,Created,IsActive,Line,UpdatedBy,Updated,Z_WFScenarioLine_ID,AD_Client_ID) VALUES (1000180,100,-1.000000000000,0,550191,TO_DATE('2016-11-07 16:29:16','YYYY-MM-DD HH24:MI:SS'),'Y',10,100,TO_DATE('2016-11-07 16:29:16','YYYY-MM-DD HH24:MI:SS'),1000360,1000001)
;

-- Nov 7, 2016 4:29:24 PM WIT
--  
INSERT INTO Z_WFScenario (Z_WFScenario_ID,AD_Org_ID,AD_Client_ID,C_Activity_ID,C_DocType_ID,Created,CreatedBy,GrandTotal,IsActive,IsAssetProject,Line,Updated,UpdatedBy,User1_ID,Value,CopyFrom) VALUES (1000181,0,1000001,1000012,550003,TO_DATE('2016-11-07 16:29:24','YYYY-MM-DD HH24:MI:SS'),100,0,'Y','N',0,TO_DATE('2016-11-07 16:29:24','YYYY-MM-DD HH24:MI:SS'),100,1001169,'ER activity-7 SLS-JKT4 >1jt','N')
;

-- Nov 7, 2016 4:29:29 PM WIT
--  
INSERT INTO Z_WFScenarioLine (Z_WFScenario_ID,CreatedBy,GrandTotal,AD_Org_ID,AD_WF_Responsible_ID,Created,IsActive,Line,UpdatedBy,Updated,Z_WFScenarioLine_ID,AD_Client_ID) VALUES (1000181,100,-1.000000000000,0,550236,TO_DATE('2016-11-07 16:29:29','YYYY-MM-DD HH24:MI:SS'),'Y',0,100,TO_DATE('2016-11-07 16:29:29','YYYY-MM-DD HH24:MI:SS'),1000361,1000001)
;

-- Nov 7, 2016 4:29:29 PM WIT
--  
INSERT INTO Z_WFScenarioLine (Z_WFScenario_ID,CreatedBy,GrandTotal,AD_Org_ID,AD_WF_Responsible_ID,Created,IsActive,Line,UpdatedBy,Updated,Z_WFScenarioLine_ID,AD_Client_ID) VALUES (1000181,100,-1.000000000000,0,550191,TO_DATE('2016-11-07 16:29:29','YYYY-MM-DD HH24:MI:SS'),'Y',10,100,TO_DATE('2016-11-07 16:29:29','YYYY-MM-DD HH24:MI:SS'),1000362,1000001)
;

-- Nov 7, 2016 4:29:39 PM WIT
--  
UPDATE Z_WFScenarioLine SET AD_WF_Responsible_ID=550224,Updated=TO_DATE('2016-11-07 16:29:39','YYYY-MM-DD HH24:MI:SS'),UpdatedBy=100 WHERE Z_WFScenarioLine_ID=1000362
;

-- Nov 7, 2016 4:30:19 PM WIT
--  
INSERT INTO Z_WFScenario (Z_WFScenario_ID,AD_Org_ID,AD_Client_ID,C_Activity_ID,C_DocType_ID,Created,CreatedBy,GrandTotal,IsActive,IsAssetProject,Line,Updated,UpdatedBy,User1_ID,Value,CopyFrom) VALUES (1000182,0,1000001,1000012,550003,TO_DATE('2016-11-07 16:30:19','YYYY-MM-DD HH24:MI:SS'),100,1000000.000000000000,'Y','N',10.000000000000,TO_DATE('2016-11-07 16:30:19','YYYY-MM-DD HH24:MI:SS'),100,1001050,'ER activity-7 Warehause','N')
;

-- Nov 7, 2016 4:30:26 PM WIT
--  
INSERT INTO Z_WFScenarioLine (Z_WFScenario_ID,CreatedBy,GrandTotal,AD_Org_ID,AD_WF_Responsible_ID,Created,IsActive,Line,UpdatedBy,Updated,Z_WFScenarioLine_ID,AD_Client_ID) VALUES (1000182,100,-1.000000000000,0,550236,TO_DATE('2016-11-07 16:30:26','YYYY-MM-DD HH24:MI:SS'),'Y',0,100,TO_DATE('2016-11-07 16:30:26','YYYY-MM-DD HH24:MI:SS'),1000363,1000001)
;

-- Nov 7, 2016 4:30:48 PM WIT
--  
INSERT INTO Z_WFScenarioLine (Z_WFScenario_ID,CreatedBy,GrandTotal,AD_Org_ID,AD_WF_Responsible_ID,Created,IsActive,Line,UpdatedBy,Updated,Z_WFScenarioLine_ID,AD_Client_ID) VALUES (1000182,100,-1.000000000000,0,550200,TO_DATE('2016-11-07 16:30:48','YYYY-MM-DD HH24:MI:SS'),'Y',10,100,TO_DATE('2016-11-07 16:30:48','YYYY-MM-DD HH24:MI:SS'),1000364,1000001)
;

-- Nov 7, 2016 4:30:58 PM WIT
--  
INSERT INTO Z_WFScenario (Z_WFScenario_ID,AD_Org_ID,AD_Client_ID,C_Activity_ID,C_DocType_ID,Created,CreatedBy,GrandTotal,IsActive,IsAssetProject,Line,Updated,UpdatedBy,User1_ID,Value,CopyFrom) VALUES (1000183,0,1000001,1000012,550003,TO_DATE('2016-11-07 16:30:58','YYYY-MM-DD HH24:MI:SS'),100,0,'Y','N',0,TO_DATE('2016-11-07 16:30:58','YYYY-MM-DD HH24:MI:SS'),100,1001050,'ER activity-7 Warehause >1jt','N')
;

-- Nov 7, 2016 4:31:02 PM WIT
--  
INSERT INTO Z_WFScenarioLine (Z_WFScenario_ID,CreatedBy,GrandTotal,AD_Org_ID,AD_WF_Responsible_ID,Created,IsActive,Line,UpdatedBy,Updated,Z_WFScenarioLine_ID,AD_Client_ID) VALUES (1000183,100,-1.000000000000,0,550236,TO_DATE('2016-11-07 16:31:02','YYYY-MM-DD HH24:MI:SS'),'Y',0,100,TO_DATE('2016-11-07 16:31:02','YYYY-MM-DD HH24:MI:SS'),1000365,1000001)
;

-- Nov 7, 2016 4:31:02 PM WIT
--  
INSERT INTO Z_WFScenarioLine (Z_WFScenario_ID,CreatedBy,GrandTotal,AD_Org_ID,AD_WF_Responsible_ID,Created,IsActive,Line,UpdatedBy,Updated,Z_WFScenarioLine_ID,AD_Client_ID) VALUES (1000183,100,-1.000000000000,0,550200,TO_DATE('2016-11-07 16:31:02','YYYY-MM-DD HH24:MI:SS'),'Y',10,100,TO_DATE('2016-11-07 16:31:02','YYYY-MM-DD HH24:MI:SS'),1000366,1000001)
;

-- Nov 7, 2016 4:34:13 PM WIT
--  
INSERT INTO Z_WFScenario (Z_WFScenario_ID,AD_Org_ID,AD_Client_ID,C_Activity_ID,C_DocType_ID,Created,CreatedBy,GrandTotal,IsActive,IsAssetProject,Line,Updated,UpdatedBy,User1_ID,Value,CopyFrom) VALUES (1000184,0,1000001,1000013,550003,TO_DATE('2016-11-07 16:34:13','YYYY-MM-DD HH24:MI:SS'),100,2000000.000000000000,'Y','N',10.000000000000,TO_DATE('2016-11-07 16:34:13','YYYY-MM-DD HH24:MI:SS'),100,1001049,'ER activity-8 Accounting','N')
;

-- Nov 7, 2016 4:34:54 PM WIT
--  
INSERT INTO Z_WFScenarioLine (Z_WFScenario_ID,CreatedBy,GrandTotal,AD_Org_ID,AD_WF_Responsible_ID,Created,IsActive,Line,UpdatedBy,Updated,Z_WFScenarioLine_ID,AD_Client_ID) VALUES (1000184,100,-2.000000000000,0,550214,TO_DATE('2016-11-07 16:34:54','YYYY-MM-DD HH24:MI:SS'),'Y',0,100,TO_DATE('2016-11-07 16:34:54','YYYY-MM-DD HH24:MI:SS'),1000367,1000001)
;

-- Nov 7, 2016 4:34:54 PM WIT
--  
INSERT INTO Z_WFScenarioLine (Z_WFScenario_ID,CreatedBy,GrandTotal,AD_Org_ID,AD_WF_Responsible_ID,Created,IsActive,Line,UpdatedBy,Updated,Z_WFScenarioLine_ID,AD_Client_ID) VALUES (1000184,100,-1.000000000000,0,550233,TO_DATE('2016-11-07 16:34:54','YYYY-MM-DD HH24:MI:SS'),'Y',10,100,TO_DATE('2016-11-07 16:34:54','YYYY-MM-DD HH24:MI:SS'),1000368,1000001)
;

-- Nov 7, 2016 4:40:00 PM WIT
--  
UPDATE Z_WFScenario SET User1_ID=NULL, Value='ER activity-8',Updated=TO_DATE('2016-11-07 16:40:00','YYYY-MM-DD HH24:MI:SS'),UpdatedBy=100 WHERE Z_WFScenario_ID=1000184
;

-- Nov 7, 2016 4:40:16 PM WIT
--  
UPDATE Z_WFScenarioLine SET AD_WF_Responsible_ID=550236,Updated=TO_DATE('2016-11-07 16:40:16','YYYY-MM-DD HH24:MI:SS'),UpdatedBy=100 WHERE Z_WFScenarioLine_ID=1000367
;

-- Nov 7, 2016 4:40:22 PM WIT
--  
UPDATE Z_WFScenarioLine SET AD_WF_Responsible_ID=550235,Updated=TO_DATE('2016-11-07 16:40:22','YYYY-MM-DD HH24:MI:SS'),UpdatedBy=100 WHERE Z_WFScenarioLine_ID=1000367
;

-- Nov 7, 2016 4:42:37 PM WIT
--  
INSERT INTO Z_WFScenario (Z_WFScenario_ID,AD_Org_ID,AD_Client_ID,C_Activity_ID,C_DocType_ID,Created,CreatedBy,GrandTotal,IsActive,IsAssetProject,Line,Updated,UpdatedBy,User1_ID,Value,CopyFrom) VALUES (1000185,0,1000001,1000011,550003,TO_DATE('2016-11-07 16:42:37','YYYY-MM-DD HH24:MI:SS'),100,3000000.000000000000,'Y','N',10.000000000000,TO_DATE('2016-11-07 16:42:37','YYYY-MM-DD HH24:MI:SS'),100,1001049,'ER activity-6','N')
;

-- Nov 7, 2016 4:42:57 PM WIT
--  
INSERT INTO Z_WFScenarioLine (Z_WFScenario_ID,CreatedBy,GrandTotal,AD_Org_ID,AD_WF_Responsible_ID,Created,IsActive,Line,UpdatedBy,Updated,Z_WFScenarioLine_ID,AD_Client_ID) VALUES (1000185,100,-2.000000000000,0,550214,TO_DATE('2016-11-07 16:42:57','YYYY-MM-DD HH24:MI:SS'),'Y',0,100,TO_DATE('2016-11-07 16:42:57','YYYY-MM-DD HH24:MI:SS'),1000369,1000001)
;

-- Nov 7, 2016 4:42:57 PM WIT
--  
INSERT INTO Z_WFScenarioLine (Z_WFScenario_ID,CreatedBy,GrandTotal,AD_Org_ID,AD_WF_Responsible_ID,Created,IsActive,Line,UpdatedBy,Updated,Z_WFScenarioLine_ID,AD_Client_ID) VALUES (1000185,100,-1.000000000000,0,550233,TO_DATE('2016-11-07 16:42:57','YYYY-MM-DD HH24:MI:SS'),'Y',10,100,TO_DATE('2016-11-07 16:42:57','YYYY-MM-DD HH24:MI:SS'),1000370,1000001)
;

-- Nov 7, 2016 4:43:46 PM WIT
--  
UPDATE Z_WFScenario SET C_Activity_ID=1000013, GrandTotal=0, Line=0, Value='ER activity-8 Accounting',Updated=TO_DATE('2016-11-07 16:43:46','YYYY-MM-DD HH24:MI:SS'),UpdatedBy=100 WHERE Z_WFScenario_ID=1000111
;

-- Nov 7, 2016 4:43:57 PM WIT
--  
UPDATE Z_WFScenarioLine SET AD_WF_Responsible_ID=550235,Updated=TO_DATE('2016-11-07 16:43:57','YYYY-MM-DD HH24:MI:SS'),UpdatedBy=100 WHERE Z_WFScenarioLine_ID=1000178
;

-- Nov 7, 2016 4:44:33 PM WIT
--  
UPDATE Z_WFScenarioLine SET AD_WF_Responsible_ID=550217,Updated=TO_DATE('2016-11-07 16:44:33','YYYY-MM-DD HH24:MI:SS'),UpdatedBy=100 WHERE Z_WFScenarioLine_ID=1000179
;

-- Nov 7, 2016 4:46:06 PM WIT
--  
UPDATE Z_WFScenario SET C_Activity_ID=1000013, GrandTotal=0, Line=0, Value='ER activity-8 Assistan',Updated=TO_DATE('2016-11-07 16:46:06','YYYY-MM-DD HH24:MI:SS'),UpdatedBy=100 WHERE Z_WFScenario_ID=1000128
;

-- Nov 7, 2016 4:46:14 PM WIT
--  
UPDATE Z_WFScenarioLine SET AD_WF_Responsible_ID=550235,Updated=TO_DATE('2016-11-07 16:46:14','YYYY-MM-DD HH24:MI:SS'),UpdatedBy=100 WHERE Z_WFScenarioLine_ID=1000215
;

-- Nov 7, 2016 4:46:29 PM WIT
--  
UPDATE Z_WFScenarioLine SET AD_WF_Responsible_ID=550228,Updated=TO_DATE('2016-11-07 16:46:29','YYYY-MM-DD HH24:MI:SS'),UpdatedBy=100 WHERE Z_WFScenarioLine_ID=1000216
;

-- Nov 7, 2016 4:47:54 PM WIT
--  
UPDATE Z_WFScenario SET GrandTotal=3000000.000000000000, Line=10.000000000000, Value='ER activity-6 Controller >3jt',Updated=TO_DATE('2016-11-07 16:47:54','YYYY-MM-DD HH24:MI:SS'),UpdatedBy=100 WHERE Z_WFScenario_ID=1000129
;

-- Nov 7, 2016 4:48:10 PM WIT
--  
DELETE FROM Z_WFScenarioLine WHERE Z_WFScenarioLine_ID=1000223
;

-- Nov 7, 2016 4:48:26 PM WIT
--  
UPDATE Z_WFScenario SET GrandTotal=0,Updated=TO_DATE('2016-11-07 16:48:26','YYYY-MM-DD HH24:MI:SS'),UpdatedBy=100 WHERE Z_WFScenario_ID=1000129
;

-- Nov 7, 2016 4:48:37 PM WIT
--  
UPDATE Z_WFScenario SET Line=0,Updated=TO_DATE('2016-11-07 16:48:37','YYYY-MM-DD HH24:MI:SS'),UpdatedBy=100 WHERE Z_WFScenario_ID=1000129
;

-- Nov 7, 2016 4:48:41 PM WIT
--  
UPDATE Z_WFScenarioLine SET GrandTotal=-1.000000000000,Updated=TO_DATE('2016-11-07 16:48:41','YYYY-MM-DD HH24:MI:SS'),UpdatedBy=100 WHERE Z_WFScenarioLine_ID=1000224
;

-- Nov 7, 2016 4:49:12 PM WIT
--  
UPDATE Z_WFScenario SET C_Activity_ID=1000013, GrandTotal=0, Line=0, Value='ER activity-8 Delivery',Updated=TO_DATE('2016-11-07 16:49:12','YYYY-MM-DD HH24:MI:SS'),UpdatedBy=100 WHERE Z_WFScenario_ID=1000118
;

-- Nov 7, 2016 4:49:22 PM WIT
--  
UPDATE Z_WFScenarioLine SET AD_WF_Responsible_ID=550235,Updated=TO_DATE('2016-11-07 16:49:22','YYYY-MM-DD HH24:MI:SS'),UpdatedBy=100 WHERE Z_WFScenarioLine_ID=1000195
;

-- Nov 7, 2016 4:49:34 PM WIT
--  
UPDATE Z_WFScenarioLine SET AD_WF_Responsible_ID=550220,Updated=TO_DATE('2016-11-07 16:49:34','YYYY-MM-DD HH24:MI:SS'),UpdatedBy=100 WHERE Z_WFScenarioLine_ID=1000196
;

-- Nov 7, 2016 4:49:59 PM WIT
--  
UPDATE Z_WFScenario SET C_Activity_ID=1000013, GrandTotal=0, Line=0, Value='ER activity-8 Director',Updated=TO_DATE('2016-11-07 16:49:59','YYYY-MM-DD HH24:MI:SS'),UpdatedBy=100 WHERE Z_WFScenario_ID=1000114
;

-- Nov 7, 2016 4:50:06 PM WIT
--  
UPDATE Z_WFScenarioLine SET AD_WF_Responsible_ID=550235,Updated=TO_DATE('2016-11-07 16:50:06','YYYY-MM-DD HH24:MI:SS'),UpdatedBy=100 WHERE Z_WFScenarioLine_ID=1000187
;

-- Nov 7, 2016 4:50:42 PM WIT
--  
UPDATE Z_WFScenario SET C_Activity_ID=1000013, GrandTotal=0, Line=0, Value='ER activity-8 Finance > 2jt',Updated=TO_DATE('2016-11-07 16:50:42','YYYY-MM-DD HH24:MI:SS'),UpdatedBy=100 WHERE Z_WFScenario_ID=1000110
;

-- Nov 7, 2016 4:50:50 PM WIT
--  
UPDATE Z_WFScenarioLine SET AD_WF_Responsible_ID=550235,Updated=TO_DATE('2016-11-07 16:50:50','YYYY-MM-DD HH24:MI:SS'),UpdatedBy=100 WHERE Z_WFScenarioLine_ID=1000176
;

-- Nov 7, 2016 4:50:59 PM WIT
--  
UPDATE Z_WFScenarioLine SET AD_WF_Responsible_ID=550216,Updated=TO_DATE('2016-11-07 16:50:59','YYYY-MM-DD HH24:MI:SS'),UpdatedBy=100 WHERE Z_WFScenarioLine_ID=1000177
;

-- Nov 7, 2016 4:51:10 PM WIT
--  
UPDATE Z_WFScenario SET Value='ER activity-8 Director >2jt',Updated=TO_DATE('2016-11-07 16:51:10','YYYY-MM-DD HH24:MI:SS'),UpdatedBy=100 WHERE Z_WFScenario_ID=1000114
;

-- Nov 7, 2016 4:51:23 PM WIT
--  
UPDATE Z_WFScenario SET Value='ER activity-8 Delivery >2jt',Updated=TO_DATE('2016-11-07 16:51:23','YYYY-MM-DD HH24:MI:SS'),UpdatedBy=100 WHERE Z_WFScenario_ID=1000118
;

-- Nov 7, 2016 4:51:45 PM WIT
--  
UPDATE Z_WFScenario SET Value='ER activity-8 Accounting >2jt',Updated=TO_DATE('2016-11-07 16:51:45','YYYY-MM-DD HH24:MI:SS'),UpdatedBy=100 WHERE Z_WFScenario_ID=1000111
;

-- Nov 7, 2016 4:51:50 PM WIT
--  
UPDATE Z_WFScenario SET Value='ER activity-8 Assistan >2jt',Updated=TO_DATE('2016-11-07 16:51:50','YYYY-MM-DD HH24:MI:SS'),UpdatedBy=100 WHERE Z_WFScenario_ID=1000128
;

-- Nov 7, 2016 4:52:54 PM WIT
--  
INSERT INTO Z_WFScenario (Z_WFScenario_ID,AD_Org_ID,AD_Client_ID,C_Activity_ID,C_DocType_ID,Created,CreatedBy,GrandTotal,IsActive,IsAssetProject,Line,Updated,UpdatedBy,User1_ID,Value,CopyFrom) VALUES (1000186,0,1000001,1000013,550003,TO_DATE('2016-11-07 16:52:54','YYYY-MM-DD HH24:MI:SS'),100,0,'Y','N',0,TO_DATE('2016-11-07 16:52:54','YYYY-MM-DD HH24:MI:SS'),100,1001164,'ER activity-8 Controller >2jt','N')
;

-- Nov 7, 2016 4:53:51 PM WIT
--  
INSERT INTO Z_WFScenarioLine (Z_WFScenario_ID,CreatedBy,GrandTotal,AD_Org_ID,AD_WF_Responsible_ID,Created,IsActive,Line,UpdatedBy,Updated,Z_WFScenarioLine_ID,AD_Client_ID) VALUES (1000186,100,-1.000000000000,0,550235,TO_DATE('2016-11-07 16:53:51','YYYY-MM-DD HH24:MI:SS'),'Y',0,100,TO_DATE('2016-11-07 16:53:51','YYYY-MM-DD HH24:MI:SS'),1000371,1000001)
;

-- Nov 7, 2016 4:53:51 PM WIT
--  
INSERT INTO Z_WFScenarioLine (Z_WFScenario_ID,CreatedBy,GrandTotal,AD_Org_ID,AD_WF_Responsible_ID,Created,IsActive,Line,UpdatedBy,Updated,Z_WFScenarioLine_ID,AD_Client_ID) VALUES (1000186,100,-1.000000000000,0,550228,TO_DATE('2016-11-07 16:53:51','YYYY-MM-DD HH24:MI:SS'),'Y',10,100,TO_DATE('2016-11-07 16:53:51','YYYY-MM-DD HH24:MI:SS'),1000372,1000001)
;

-- Nov 7, 2016 4:54:00 PM WIT
--  
UPDATE Z_WFScenarioLine SET AD_WF_Responsible_ID=550229,Updated=TO_DATE('2016-11-07 16:54:00','YYYY-MM-DD HH24:MI:SS'),UpdatedBy=100 WHERE Z_WFScenarioLine_ID=1000372
;

-- Nov 7, 2016 4:54:47 PM WIT
--  
UPDATE Z_WFScenario SET C_Activity_ID=1000013, GrandTotal=0, Line=0, Value='ER activity-8 GA >2jt',Updated=TO_DATE('2016-11-07 16:54:47','YYYY-MM-DD HH24:MI:SS'),UpdatedBy=100 WHERE Z_WFScenario_ID=1000119
;

-- Nov 7, 2016 4:54:53 PM WIT
--  
UPDATE Z_WFScenarioLine SET AD_WF_Responsible_ID=550235,Updated=TO_DATE('2016-11-07 16:54:53','YYYY-MM-DD HH24:MI:SS'),UpdatedBy=100 WHERE Z_WFScenarioLine_ID=1000197
;

-- Nov 7, 2016 4:55:02 PM WIT
--  
UPDATE Z_WFScenarioLine SET AD_WF_Responsible_ID=550221,Updated=TO_DATE('2016-11-07 16:55:02','YYYY-MM-DD HH24:MI:SS'),UpdatedBy=100 WHERE Z_WFScenarioLine_ID=1000227
;

-- Nov 7, 2016 4:55:36 PM WIT
--  
UPDATE Z_WFScenario SET C_Activity_ID=1000013, GrandTotal=0, Line=0, Value='ER activity-8 HeadSales >2jt',Updated=TO_DATE('2016-11-07 16:55:36','YYYY-MM-DD HH24:MI:SS'),UpdatedBy=100 WHERE Z_WFScenario_ID=1000120
;

-- Nov 7, 2016 4:55:44 PM WIT
--  
UPDATE Z_WFScenarioLine SET AD_WF_Responsible_ID=550235,Updated=TO_DATE('2016-11-07 16:55:44','YYYY-MM-DD HH24:MI:SS'),UpdatedBy=100 WHERE Z_WFScenarioLine_ID=1000199
;

-- Nov 7, 2016 4:55:52 PM WIT
--  
UPDATE Z_WFScenarioLine SET AD_WF_Responsible_ID=550230,Updated=TO_DATE('2016-11-07 16:55:52','YYYY-MM-DD HH24:MI:SS'),UpdatedBy=100 WHERE Z_WFScenarioLine_ID=1000200
;

-- Nov 7, 2016 4:56:15 PM WIT
--  
UPDATE Z_WFScenario SET C_Activity_ID=1000013, GrandTotal=0, Line=0, Value='ER activity-8 HRD >2jt',Updated=TO_DATE('2016-11-07 16:56:15','YYYY-MM-DD HH24:MI:SS'),UpdatedBy=100 WHERE Z_WFScenario_ID=1000109
;

-- Nov 7, 2016 4:56:22 PM WIT
--  
UPDATE Z_WFScenarioLine SET AD_WF_Responsible_ID=550235,Updated=TO_DATE('2016-11-07 16:56:21','YYYY-MM-DD HH24:MI:SS'),UpdatedBy=100 WHERE Z_WFScenarioLine_ID=1000173
;

-- Nov 7, 2016 4:56:33 PM WIT
--  
UPDATE Z_WFScenarioLine SET AD_WF_Responsible_ID=550215,Updated=TO_DATE('2016-11-07 16:56:33','YYYY-MM-DD HH24:MI:SS'),UpdatedBy=100 WHERE Z_WFScenarioLine_ID=1000174
;

-- Nov 7, 2016 4:56:56 PM WIT
--  
UPDATE Z_WFScenario SET C_Activity_ID=1000013, GrandTotal=0, Line=0, Value='ER activity-8 IT >2jt',Updated=TO_DATE('2016-11-07 16:56:56','YYYY-MM-DD HH24:MI:SS'),UpdatedBy=100 WHERE Z_WFScenario_ID=1000117
;

-- Nov 7, 2016 4:57:02 PM WIT
--  
UPDATE Z_WFScenarioLine SET AD_WF_Responsible_ID=550235,Updated=TO_DATE('2016-11-07 16:57:02','YYYY-MM-DD HH24:MI:SS'),UpdatedBy=100 WHERE Z_WFScenarioLine_ID=1000193
;

-- Nov 7, 2016 4:57:12 PM WIT
--  
UPDATE Z_WFScenarioLine SET AD_WF_Responsible_ID=550219,Updated=TO_DATE('2016-11-07 16:57:12','YYYY-MM-DD HH24:MI:SS'),UpdatedBy=100 WHERE Z_WFScenarioLine_ID=1000194
;

-- Nov 7, 2016 4:57:38 PM WIT
--  
UPDATE Z_WFScenario SET C_Activity_ID=1000013, GrandTotal=0, Line=0, Value='ER activity-8 Logistic >2jt',Updated=TO_DATE('2016-11-07 16:57:38','YYYY-MM-DD HH24:MI:SS'),UpdatedBy=100 WHERE Z_WFScenario_ID=1000116
;

-- Nov 7, 2016 4:57:56 PM WIT
--  
UPDATE Z_WFScenarioLine SET AD_WF_Responsible_ID=550235,Updated=TO_DATE('2016-11-07 16:57:56','YYYY-MM-DD HH24:MI:SS'),UpdatedBy=100 WHERE Z_WFScenarioLine_ID=1000191
;

-- Nov 7, 2016 4:58:02 PM WIT
--  
UPDATE Z_WFScenarioLine SET AD_WF_Responsible_ID=550231,Updated=TO_DATE('2016-11-07 16:58:02','YYYY-MM-DD HH24:MI:SS'),UpdatedBy=100 WHERE Z_WFScenarioLine_ID=1000192
;

-- Nov 7, 2016 4:58:18 PM WIT
--  
UPDATE Z_WFScenario SET User1_ID=NULL,Updated=TO_DATE('2016-11-07 16:58:18','YYYY-MM-DD HH24:MI:SS'),UpdatedBy=100 WHERE Z_WFScenario_ID=1000185
;

-- Nov 7, 2016 4:59:06 PM WIT
--  
UPDATE Z_WFScenario SET C_Activity_ID=1000013, GrandTotal=0, Line=0, Value='ER activity-8 SLS-JKT1 >2jt',Updated=TO_DATE('2016-11-07 16:59:06','YYYY-MM-DD HH24:MI:SS'),UpdatedBy=100 WHERE Z_WFScenario_ID=1000121
;

-- Nov 7, 2016 4:59:13 PM WIT
--  
UPDATE Z_WFScenarioLine SET AD_WF_Responsible_ID=550235,Updated=TO_DATE('2016-11-07 16:59:13','YYYY-MM-DD HH24:MI:SS'),UpdatedBy=100 WHERE Z_WFScenarioLine_ID=1000201
;

-- Nov 7, 2016 4:59:22 PM WIT
--  
UPDATE Z_WFScenarioLine SET AD_WF_Responsible_ID=550222,Updated=TO_DATE('2016-11-07 16:59:22','YYYY-MM-DD HH24:MI:SS'),UpdatedBy=100 WHERE Z_WFScenarioLine_ID=1000202
;

-- Nov 7, 2016 4:59:44 PM WIT
--  
UPDATE Z_WFScenario SET C_Activity_ID=1000013, GrandTotal=0, Line=0, Value='ER activity-8 SLS-JKT2 >2jt',Updated=TO_DATE('2016-11-07 16:59:44','YYYY-MM-DD HH24:MI:SS'),UpdatedBy=100 WHERE Z_WFScenario_ID=1000122
;

-- Nov 7, 2016 4:59:51 PM WIT
--  
UPDATE Z_WFScenarioLine SET AD_WF_Responsible_ID=550235,Updated=TO_DATE('2016-11-07 16:59:51','YYYY-MM-DD HH24:MI:SS'),UpdatedBy=100 WHERE Z_WFScenarioLine_ID=1000203
;

-- Nov 7, 2016 5:00:00 PM WIT
--  
UPDATE Z_WFScenarioLine SET AD_WF_Responsible_ID=550223,Updated=TO_DATE('2016-11-07 17:00:00','YYYY-MM-DD HH24:MI:SS'),UpdatedBy=100 WHERE Z_WFScenarioLine_ID=1000204
;

-- Nov 7, 2016 5:00:31 PM WIT
--  
UPDATE Z_WFScenario SET C_Activity_ID=1000013, GrandTotal=0, Line=0, Value='ER activity-8 SLS-JKT4 >2jt',Updated=TO_DATE('2016-11-07 17:00:31','YYYY-MM-DD HH24:MI:SS'),UpdatedBy=100 WHERE Z_WFScenario_ID=1000123
;

-- Nov 7, 2016 5:00:39 PM WIT
--  
UPDATE Z_WFScenarioLine SET AD_WF_Responsible_ID=550235,Updated=TO_DATE('2016-11-07 17:00:39','YYYY-MM-DD HH24:MI:SS'),UpdatedBy=100 WHERE Z_WFScenarioLine_ID=1000205
;

-- Nov 7, 2016 5:00:47 PM WIT
--  
UPDATE Z_WFScenarioLine SET AD_WF_Responsible_ID=550224,Updated=TO_DATE('2016-11-07 17:00:47','YYYY-MM-DD HH24:MI:SS'),UpdatedBy=100 WHERE Z_WFScenarioLine_ID=1000206
;

-- Nov 7, 2016 5:01:11 PM WIT
--  
UPDATE Z_WFScenario SET C_Activity_ID=1000013, GrandTotal=0, Line=0, Value='ER activity-8 SLS-LG 2jt',Updated=TO_DATE('2016-11-07 17:01:11','YYYY-MM-DD HH24:MI:SS'),UpdatedBy=100 WHERE Z_WFScenario_ID=1000124
;

-- Nov 7, 2016 5:01:16 PM WIT
--  
UPDATE Z_WFScenarioLine SET AD_WF_Responsible_ID=550235,Updated=TO_DATE('2016-11-07 17:01:16','YYYY-MM-DD HH24:MI:SS'),UpdatedBy=100 WHERE Z_WFScenarioLine_ID=1000207
;

-- Nov 7, 2016 5:01:27 PM WIT
--  
UPDATE Z_WFScenarioLine SET AD_WF_Responsible_ID=550225,Updated=TO_DATE('2016-11-07 17:01:27','YYYY-MM-DD HH24:MI:SS'),UpdatedBy=100 WHERE Z_WFScenarioLine_ID=1000208
;

-- Nov 7, 2016 5:01:49 PM WIT
--  
UPDATE Z_WFScenario SET C_Activity_ID=1000013, GrandTotal=0, Line=0, Value='ER activity-8 SLS-PN >2jt',Updated=TO_DATE('2016-11-07 17:01:49','YYYY-MM-DD HH24:MI:SS'),UpdatedBy=100 WHERE Z_WFScenario_ID=1000125
;

-- Nov 7, 2016 5:01:54 PM WIT
--  
UPDATE Z_WFScenarioLine SET AD_WF_Responsible_ID=550235,Updated=TO_DATE('2016-11-07 17:01:54','YYYY-MM-DD HH24:MI:SS'),UpdatedBy=100 WHERE Z_WFScenarioLine_ID=1000209
;

-- Nov 7, 2016 5:02:05 PM WIT
--  
UPDATE Z_WFScenarioLine SET AD_WF_Responsible_ID=550226,Updated=TO_DATE('2016-11-07 17:02:05','YYYY-MM-DD HH24:MI:SS'),UpdatedBy=100 WHERE Z_WFScenarioLine_ID=1000210
;

-- Nov 7, 2016 5:02:27 PM WIT
--  
UPDATE Z_WFScenario SET C_Activity_ID=1000013, GrandTotal=0, Line=0, Value='ER activity-8 SLS-SL >2jt',Updated=TO_DATE('2016-11-07 17:02:27','YYYY-MM-DD HH24:MI:SS'),UpdatedBy=100 WHERE Z_WFScenario_ID=1000126
;

-- Nov 7, 2016 5:02:33 PM WIT
--  
UPDATE Z_WFScenarioLine SET AD_WF_Responsible_ID=550235,Updated=TO_DATE('2016-11-07 17:02:33','YYYY-MM-DD HH24:MI:SS'),UpdatedBy=100 WHERE Z_WFScenarioLine_ID=1000211
;

-- Nov 7, 2016 5:02:43 PM WIT
--  
UPDATE Z_WFScenarioLine SET AD_WF_Responsible_ID=550227,Updated=TO_DATE('2016-11-07 17:02:43','YYYY-MM-DD HH24:MI:SS'),UpdatedBy=100 WHERE Z_WFScenarioLine_ID=1000212
;

-- Nov 7, 2016 5:03:11 PM WIT
--  
UPDATE Z_WFScenario SET C_Activity_ID=1000013, GrandTotal=0, Line=0, Value='ER activity-8 SLS-ST >2jt',Updated=TO_DATE('2016-11-07 17:03:11','YYYY-MM-DD HH24:MI:SS'),UpdatedBy=100 WHERE Z_WFScenario_ID=1000127
;

-- Nov 7, 2016 5:03:16 PM WIT
--  
UPDATE Z_WFScenarioLine SET AD_WF_Responsible_ID=550235,Updated=TO_DATE('2016-11-07 17:03:16','YYYY-MM-DD HH24:MI:SS'),UpdatedBy=100 WHERE Z_WFScenarioLine_ID=1000213
;

-- Nov 7, 2016 5:03:25 PM WIT
--  
UPDATE Z_WFScenarioLine SET AD_WF_Responsible_ID=550232,Updated=TO_DATE('2016-11-07 17:03:25','YYYY-MM-DD HH24:MI:SS'),UpdatedBy=100 WHERE Z_WFScenarioLine_ID=1000214
;

-- Nov 7, 2016 5:03:56 PM WIT
--  
UPDATE Z_WFScenario SET C_Activity_ID=1000013, GrandTotal=0, Line=0, Value='ER activity-8 Warehouse >2jt',Updated=TO_DATE('2016-11-07 17:03:56','YYYY-MM-DD HH24:MI:SS'),UpdatedBy=100 WHERE Z_WFScenario_ID=1000115
;

-- Nov 7, 2016 5:04:01 PM WIT
--  
UPDATE Z_WFScenarioLine SET AD_WF_Responsible_ID=550235,Updated=TO_DATE('2016-11-07 17:04:01','YYYY-MM-DD HH24:MI:SS'),UpdatedBy=100 WHERE Z_WFScenarioLine_ID=1000189
;

-- Nov 7, 2016 5:04:11 PM WIT
--  
UPDATE Z_WFScenarioLine SET AD_WF_Responsible_ID=550218,Updated=TO_DATE('2016-11-07 17:04:11','YYYY-MM-DD HH24:MI:SS'),UpdatedBy=100 WHERE Z_WFScenarioLine_ID=1000190
;

-- Nov 7, 2016 5:06:53 PM WIT
--  
INSERT INTO Z_WFScenario (Z_WFScenario_ID,AD_Org_ID,AD_Client_ID,C_Activity_ID,C_DocType_ID,Created,CreatedBy,GrandTotal,IsActive,IsAssetProject,Line,Updated,UpdatedBy,Value,CopyFrom) VALUES (1000187,0,1000001,1000014,550003,TO_DATE('2016-11-07 17:06:53','YYYY-MM-DD HH24:MI:SS'),100,0,'Y','N',0,TO_DATE('2016-11-07 17:06:53','YYYY-MM-DD HH24:MI:SS'),100,'ER activity-9','N')
;

-- Nov 7, 2016 5:07:18 PM WIT
--  
UPDATE Z_WFScenario SET GrandTotal=1000000.000000000000, Line=10.000000000000,Updated=TO_DATE('2016-11-07 17:07:18','YYYY-MM-DD HH24:MI:SS'),UpdatedBy=100 WHERE Z_WFScenario_ID=1000187
;

-- Nov 7, 2016 5:15:20 PM WIT
--  
INSERT INTO Z_WFScenarioLine (Z_WFScenario_ID,CreatedBy,GrandTotal,AD_Org_ID,AD_WF_Responsible_ID,Created,IsActive,Line,UpdatedBy,Updated,Z_WFScenarioLine_ID,AD_Client_ID) VALUES (1000187,100,-1.000000000000,0,550203,TO_DATE('2016-11-07 17:15:19','YYYY-MM-DD HH24:MI:SS'),'Y',0,100,TO_DATE('2016-11-07 17:15:19','YYYY-MM-DD HH24:MI:SS'),1000373,1000001)
;

-- Nov 7, 2016 5:15:41 PM WIT
--  
DELETE FROM Z_WFScenarioLine WHERE Z_WFScenarioLine_ID=1000373
;

-- Nov 7, 2016 5:16:00 PM WIT
--  
INSERT INTO Z_WFScenario (Z_WFScenario_ID,AD_Org_ID,AD_Client_ID,C_Activity_ID,C_DocType_ID,Created,CreatedBy,GrandTotal,IsActive,IsAssetProject,Line,Updated,UpdatedBy,Value,CopyFrom) VALUES (1000188,1000003,1000001,1000014,550003,TO_DATE('2016-11-07 17:16:00','YYYY-MM-DD HH24:MI:SS'),100,0,'Y','N',0,TO_DATE('2016-11-07 17:16:00','YYYY-MM-DD HH24:MI:SS'),100,'ER activity-9','N')
;

-- Nov 7, 2016 5:16:05 PM WIT
--  
DELETE FROM Z_WFScenario WHERE Z_WFScenario_ID=1000187
;

-- Nov 7, 2016 5:16:18 PM WIT
--  
INSERT INTO Z_WFScenarioLine (Z_WFScenario_ID,CreatedBy,GrandTotal,AD_Org_ID,AD_WF_Responsible_ID,Created,IsActive,Line,UpdatedBy,Updated,Z_WFScenarioLine_ID,AD_Client_ID) VALUES (1000188,100,0,0,550203,TO_DATE('2016-11-07 17:16:18','YYYY-MM-DD HH24:MI:SS'),'Y',0,100,TO_DATE('2016-11-07 17:16:18','YYYY-MM-DD HH24:MI:SS'),1000374,1000001)
;

-- Nov 7, 2016 5:16:38 PM WIT
--  
INSERT INTO Z_WFScenario (Z_WFScenario_ID,AD_Org_ID,AD_Client_ID,C_Activity_ID,C_DocType_ID,Created,CreatedBy,GrandTotal,IsActive,IsAssetProject,Line,Updated,UpdatedBy,Value,CopyFrom) VALUES (1000189,1000002,1000001,1000014,550003,TO_DATE('2016-11-07 17:16:38','YYYY-MM-DD HH24:MI:SS'),100,1000000.000000000000,'Y','N',10.000000000000,TO_DATE('2016-11-07 17:16:38','YYYY-MM-DD HH24:MI:SS'),100,'ER activity-9','N')
;

-- Nov 7, 2016 5:18:30 PM WIT
--  
INSERT INTO Z_WFScenarioLine (Z_WFScenario_ID,CreatedBy,GrandTotal,AD_Org_ID,AD_WF_Responsible_ID,Created,IsActive,Line,UpdatedBy,Updated,Z_WFScenarioLine_ID,AD_Client_ID) VALUES (1000189,100,-1.000000000000,0,550202,TO_DATE('2016-11-07 17:18:30','YYYY-MM-DD HH24:MI:SS'),'Y',0,100,TO_DATE('2016-11-07 17:18:30','YYYY-MM-DD HH24:MI:SS'),1000375,1000001)
;

-- Nov 7, 2016 5:18:48 PM WIT
--  
DELETE FROM Z_WFScenarioLine WHERE Z_WFScenarioLine_ID=1000375
;

-- Nov 7, 2016 5:18:54 PM WIT
--  
DELETE FROM Z_WFScenario WHERE Z_WFScenario_ID=1000189
;

-- Nov 7, 2016 5:19:11 PM WIT
--  
INSERT INTO Z_WFScenario (Z_WFScenario_ID,AD_Org_ID,AD_Client_ID,AD_OrgDoc_ID,C_Activity_ID,C_DocType_ID,Created,CreatedBy,GrandTotal,IsActive,IsAssetProject,Line,Updated,UpdatedBy,Value,CopyFrom) VALUES (1000190,0,1000001,1000003,1000014,550003,TO_DATE('2016-11-07 17:19:11','YYYY-MM-DD HH24:MI:SS'),100,0,'Y','N',0,TO_DATE('2016-11-07 17:19:11','YYYY-MM-DD HH24:MI:SS'),100,'ER activity-9','N')
;

-- Nov 7, 2016 5:19:24 PM WIT
--  
INSERT INTO Z_WFScenarioLine (Z_WFScenario_ID,CreatedBy,GrandTotal,AD_Org_ID,AD_WF_Responsible_ID,Created,IsActive,Line,UpdatedBy,Updated,Z_WFScenarioLine_ID,AD_Client_ID) VALUES (1000190,100,-1.000000000000,0,550203,TO_DATE('2016-11-07 17:19:24','YYYY-MM-DD HH24:MI:SS'),'Y',0,100,TO_DATE('2016-11-07 17:19:24','YYYY-MM-DD HH24:MI:SS'),1000376,1000001)
;

-- Nov 7, 2016 5:19:48 PM WIT
--  
UPDATE Z_WFScenario SET GrandTotal=1000000.000000000000, Line=10.000000000000, Value='ER activity-9 Glodok',Updated=TO_DATE('2016-11-07 17:19:48','YYYY-MM-DD HH24:MI:SS'),UpdatedBy=100 WHERE Z_WFScenario_ID=1000190
;

-- Nov 7, 2016 5:19:59 PM WIT
--  
DELETE FROM Z_WFScenarioLine WHERE Z_WFScenarioLine_ID=1000374
;

-- Nov 7, 2016 5:20:04 PM WIT
--  
DELETE FROM Z_WFScenario WHERE Z_WFScenario_ID=1000188
;

-- Nov 7, 2016 5:22:50 PM WIT
--  
UPDATE Z_WFScenario SET GrandTotal=0, Line=0,Updated=TO_DATE('2016-11-07 17:22:50','YYYY-MM-DD HH24:MI:SS'),UpdatedBy=100 WHERE Z_WFScenario_ID=1000190
;

-- Nov 7, 2016 5:24:06 PM WIT
--  
INSERT INTO Z_WFScenarioLine (Z_WFScenario_ID,CreatedBy,GrandTotal,AD_Org_ID,AD_WF_Responsible_ID,Created,IsActive,Line,UpdatedBy,Updated,Z_WFScenarioLine_ID,AD_Client_ID) VALUES (1000190,100,1000001.000000000000,0,550208,TO_DATE('2016-11-07 17:24:06','YYYY-MM-DD HH24:MI:SS'),'Y',10,100,TO_DATE('2016-11-07 17:24:06','YYYY-MM-DD HH24:MI:SS'),1000377,1000001)
;

-- Nov 7, 2016 5:24:36 PM WIT
--  
INSERT INTO Z_WFScenario (Z_WFScenario_ID,AD_Org_ID,AD_Client_ID,AD_OrgDoc_ID,C_Activity_ID,C_DocType_ID,Created,CreatedBy,GrandTotal,IsActive,IsAssetProject,Line,Updated,UpdatedBy,Value,CopyFrom) VALUES (1000191,0,1000001,1000002,1000014,550003,TO_DATE('2016-11-07 17:24:36','YYYY-MM-DD HH24:MI:SS'),100,0,'Y','N',0,TO_DATE('2016-11-07 17:24:36','YYYY-MM-DD HH24:MI:SS'),100,'ER activity-9 Tebet','N')
;

-- Nov 7, 2016 5:25:20 PM WIT
--  
INSERT INTO Z_WFScenarioLine (Z_WFScenario_ID,CreatedBy,GrandTotal,AD_Org_ID,AD_WF_Responsible_ID,Created,IsActive,Line,UpdatedBy,Updated,Z_WFScenarioLine_ID,AD_Client_ID) VALUES (1000191,100,-1.000000000000,0,550202,TO_DATE('2016-11-07 17:25:20','YYYY-MM-DD HH24:MI:SS'),'Y',0,100,TO_DATE('2016-11-07 17:25:20','YYYY-MM-DD HH24:MI:SS'),1000378,1000001)
;

-- Nov 7, 2016 5:25:32 PM WIT
--  
INSERT INTO Z_WFScenarioLine (Z_WFScenario_ID,CreatedBy,GrandTotal,AD_Org_ID,AD_WF_Responsible_ID,Created,IsActive,Line,UpdatedBy,Updated,Z_WFScenarioLine_ID,AD_Client_ID) VALUES (1000191,100,1000001.000000000000,0,550208,TO_DATE('2016-11-07 17:25:32','YYYY-MM-DD HH24:MI:SS'),'Y',10,100,TO_DATE('2016-11-07 17:25:32','YYYY-MM-DD HH24:MI:SS'),1000379,1000001)
;

SELECT register_migration_script('201611071736-SAS-77-WFexpenseReport.sql') FROM dual
;
