-- Feb 19, 2013 3:06:55 PM WIT
--  
INSERT INTO AD_Role (C_Currency_ID,AD_Role_ID,AmtApproval,IsPersonalLock,IsUseUserOrgAccess,IsPersonalAccess,IsShowAcct,IsCanReport,IsCanExport,IsChangeLog,OverwritePriceLimit,Allow_Info_Asset,Allow_Info_Order,Allow_Info_BPartner,Allow_Info_InOut,Allow_Info_Invoice,Allow_Info_Payment,Allow_Info_Resource,Allow_Info_Schedule,Allow_Info_Product,Allow_Info_Account,MaxQueryRecords,ConfirmQueryRecords,AmtApprovalAccum,DaysApprovalAccum,Description,Name,IsCanApproveOwnDoc,AD_Role_UU,PreferenceType,IsAccessAllOrgs,Updated,UpdatedBy,AD_Client_ID,Created,CreatedBy,AD_Org_ID,IsActive,IsMenuAutoExpand,IsManual,IsMasterRole,UserLevel) VALUES (303,1000047,0,'N','N','N','N','Y','Y','N','N','Y','Y','Y','Y','Y','Y','Y','Y','Y','Y',0,0,0,0,'Accounting Master Data','ID_MST_DATA_ACCT_A','N','27591563-61ff-47e3-96bb-5dc2cc61a625','O','N',TO_TIMESTAMP('2013-02-19 15:06:55','YYYY-MM-DD HH24:MI:SS'),100,1000001,TO_TIMESTAMP('2013-02-19 15:06:55','YYYY-MM-DD HH24:MI:SS'),100,0,'Y','N','Y','Y',' CO')
;

-- Feb 19, 2013 3:06:55 PM WIT
--  
INSERT INTO AD_User_Roles (AD_Role_ID,AD_User_Roles_UU,AD_Client_ID,UpdatedBy,AD_Org_ID,Created,Updated,IsActive,CreatedBy,AD_User_ID) VALUES (1000047,'6dee4ceb-854f-415b-bf4a-90030bc9cea9',1000001,100,1000001,TO_TIMESTAMP('2013-02-19 15:06:55','YYYY-MM-DD HH24:MI:SS'),TO_TIMESTAMP('2013-02-19 15:06:55','YYYY-MM-DD HH24:MI:SS'),'Y',100,100)
;

-- Feb 19, 2013 3:07:10 PM WIT
--  
INSERT INTO AD_Window_Access (AD_Window_ID,AD_Role_ID,AD_Window_Access_UU,IsReadWrite,CreatedBy,Created,AD_Client_ID,AD_Org_ID,Updated,UpdatedBy,IsActive) VALUES (117,1000047,'0c740736-d41a-465a-8b9a-7b478a4c61cf','Y',100,TO_TIMESTAMP('2013-02-19 15:07:10','YYYY-MM-DD HH24:MI:SS'),1000001,0,TO_TIMESTAMP('2013-02-19 15:07:10','YYYY-MM-DD HH24:MI:SS'),100,'Y')
;

-- Feb 19, 2013 3:07:18 PM WIT
--  
INSERT INTO AD_Window_Access (AD_Window_ID,AD_Role_ID,AD_Window_Access_UU,IsReadWrite,CreatedBy,Created,AD_Client_ID,AD_Org_ID,Updated,UpdatedBy,IsActive) VALUES (118,1000047,'843415f0-60ff-45d7-8231-dc019d84eb08','Y',100,TO_TIMESTAMP('2013-02-19 15:07:18','YYYY-MM-DD HH24:MI:SS'),1000001,0,TO_TIMESTAMP('2013-02-19 15:07:18','YYYY-MM-DD HH24:MI:SS'),100,'Y')
;

-- Feb 19, 2013 3:07:27 PM WIT
--  
INSERT INTO AD_Window_Access (AD_Window_ID,AD_Role_ID,AD_Window_Access_UU,IsReadWrite,CreatedBy,Created,AD_Client_ID,AD_Org_ID,Updated,UpdatedBy,IsActive) VALUES (125,1000047,'9948938f-08cc-46f3-99be-57be74f7c5b1','Y',100,TO_TIMESTAMP('2013-02-19 15:07:27','YYYY-MM-DD HH24:MI:SS'),1000001,0,TO_TIMESTAMP('2013-02-19 15:07:27','YYYY-MM-DD HH24:MI:SS'),100,'Y')
;

-- Feb 19, 2013 3:07:39 PM WIT
--  
INSERT INTO AD_Window_Access (AD_Window_ID,AD_Role_ID,AD_Window_Access_UU,IsReadWrite,CreatedBy,Created,AD_Client_ID,AD_Org_ID,Updated,UpdatedBy,IsActive) VALUES (161,1000047,'4d996d98-f779-43c9-9ca5-589833d08557','Y',100,TO_TIMESTAMP('2013-02-19 15:07:39','YYYY-MM-DD HH24:MI:SS'),1000001,0,TO_TIMESTAMP('2013-02-19 15:07:39','YYYY-MM-DD HH24:MI:SS'),100,'Y')
;

-- Feb 19, 2013 3:07:52 PM WIT
--  
INSERT INTO AD_Window_Access (AD_Window_ID,AD_Role_ID,AD_Window_Access_UU,IsReadWrite,CreatedBy,Created,AD_Client_ID,AD_Org_ID,Updated,UpdatedBy,IsActive) VALUES (323,1000047,'65349bf7-93d0-4644-b6cb-5d9bb338b4a4','Y',100,TO_TIMESTAMP('2013-02-19 15:07:52','YYYY-MM-DD HH24:MI:SS'),1000001,0,TO_TIMESTAMP('2013-02-19 15:07:52','YYYY-MM-DD HH24:MI:SS'),100,'Y')
;

-- Feb 19, 2013 3:08:13 PM WIT
--  
INSERT INTO AD_Form_Access (AD_Role_ID,AD_Form_ID,IsReadWrite,AD_Form_Access_UU,AD_Client_ID,UpdatedBy,IsActive,Updated,Created,CreatedBy,AD_Org_ID) VALUES (1000047,105,'Y','0fb1635e-9436-46b4-99ef-a678d2f1642a',1000001,100,'Y',TO_TIMESTAMP('2013-02-19 15:08:13','YYYY-MM-DD HH24:MI:SS'),TO_TIMESTAMP('2013-02-19 15:08:13','YYYY-MM-DD HH24:MI:SS'),100,0)
;

-- Feb 19, 2013 3:09:05 PM WIT
--  
INSERT INTO AD_Role (C_Currency_ID,AD_Role_ID,AmtApproval,IsPersonalLock,IsUseUserOrgAccess,IsPersonalAccess,IsShowAcct,IsCanReport,IsCanExport,IsChangeLog,OverwritePriceLimit,Allow_Info_Asset,Allow_Info_Order,Allow_Info_BPartner,Allow_Info_InOut,Allow_Info_Invoice,Allow_Info_Payment,Allow_Info_Resource,Allow_Info_Schedule,Allow_Info_Product,Allow_Info_Account,MaxQueryRecords,ConfirmQueryRecords,AmtApprovalAccum,DaysApprovalAccum,Description,Name,IsCanApproveOwnDoc,AD_Role_UU,PreferenceType,IsAccessAllOrgs,Updated,UpdatedBy,AD_Client_ID,Created,CreatedBy,AD_Org_ID,IsActive,IsMenuAutoExpand,IsManual,IsMasterRole,UserLevel) VALUES (303,1000048,0,'N','N','N','N','Y','Y','N','N','Y','Y','Y','Y','Y','Y','Y','Y','Y','Y',0,0,0,0,'Finance Master Data','ID_MST_DATA_FIN_A','N','dfcd1cbe-57f4-48a5-aa53-785787458b74','O','N',TO_TIMESTAMP('2013-02-19 15:09:05','YYYY-MM-DD HH24:MI:SS'),100,1000001,TO_TIMESTAMP('2013-02-19 15:09:05','YYYY-MM-DD HH24:MI:SS'),100,0,'Y','N','Y','Y',' CO')
;

-- Feb 19, 2013 3:09:05 PM WIT
--  
INSERT INTO AD_User_Roles (AD_Role_ID,AD_User_Roles_UU,AD_Client_ID,UpdatedBy,AD_Org_ID,Created,Updated,IsActive,CreatedBy,AD_User_ID) VALUES (1000048,'1e993db8-4625-49b9-8b22-063e6ce111b2',1000001,100,1000001,TO_TIMESTAMP('2013-02-19 15:09:05','YYYY-MM-DD HH24:MI:SS'),TO_TIMESTAMP('2013-02-19 15:09:05','YYYY-MM-DD HH24:MI:SS'),'Y',100,100)
;

-- Feb 19, 2013 3:09:19 PM WIT
--  
INSERT INTO AD_Window_Access (AD_Window_ID,AD_Role_ID,AD_Window_Access_UU,IsReadWrite,CreatedBy,Created,AD_Client_ID,AD_Org_ID,Updated,UpdatedBy,IsActive) VALUES (141,1000048,'36313090-dc41-4480-ac99-571685f682f1','Y',100,TO_TIMESTAMP('2013-02-19 15:09:19','YYYY-MM-DD HH24:MI:SS'),1000001,0,TO_TIMESTAMP('2013-02-19 15:09:19','YYYY-MM-DD HH24:MI:SS'),100,'Y')
;

-- Feb 19, 2013 3:09:28 PM WIT
--  
INSERT INTO AD_Window_Access (AD_Window_ID,AD_Role_ID,AD_Window_Access_UU,IsReadWrite,CreatedBy,Created,AD_Client_ID,AD_Org_ID,Updated,UpdatedBy,IsActive) VALUES (217,1000048,'053ee1fc-b5f0-42a8-adba-70746e0f9f08','Y',100,TO_TIMESTAMP('2013-02-19 15:09:28','YYYY-MM-DD HH24:MI:SS'),1000001,0,TO_TIMESTAMP('2013-02-19 15:09:28','YYYY-MM-DD HH24:MI:SS'),100,'Y')
;

-- Feb 19, 2013 3:09:38 PM WIT
--  
INSERT INTO AD_Window_Access (AD_Window_ID,AD_Role_ID,AD_Window_Access_UU,IsReadWrite,CreatedBy,Created,AD_Client_ID,AD_Org_ID,Updated,UpdatedBy,IsActive) VALUES (218,1000048,'a7deb463-cdf7-40ad-af86-908644d61a42','Y',100,TO_TIMESTAMP('2013-02-19 15:09:38','YYYY-MM-DD HH24:MI:SS'),1000001,0,TO_TIMESTAMP('2013-02-19 15:09:38','YYYY-MM-DD HH24:MI:SS'),100,'Y')
;

-- Feb 19, 2013 3:11:12 PM WIT
--  
INSERT INTO AD_Window_Access (AD_Window_ID,AD_Role_ID,AD_Window_Access_UU,IsReadWrite,CreatedBy,Created,AD_Client_ID,AD_Org_ID,Updated,UpdatedBy,IsActive) VALUES (153,1000047,'eae2c927-1f58-4b43-adcb-7edb7e167ce9','N',100,TO_TIMESTAMP('2013-02-19 15:11:12','YYYY-MM-DD HH24:MI:SS'),1000001,0,TO_TIMESTAMP('2013-02-19 15:11:12','YYYY-MM-DD HH24:MI:SS'),100,'Y')
;

-- Feb 19, 2013 3:11:13 PM WIT
--  
UPDATE AD_Window_Access SET IsReadWrite='Y',Updated=TO_TIMESTAMP('2013-02-19 15:11:13','YYYY-MM-DD HH24:MI:SS'),UpdatedBy=100 WHERE AD_Window_ID=153 AND AD_Role_ID=1000047
;

-- Feb 19, 2013 3:15:13 PM WIT
--  
INSERT INTO AD_Role (C_Currency_ID,AD_Role_ID,AmtApproval,IsPersonalLock,IsUseUserOrgAccess,IsPersonalAccess,IsShowAcct,IsCanReport,IsCanExport,IsChangeLog,OverwritePriceLimit,Allow_Info_Asset,Allow_Info_Order,Allow_Info_BPartner,Allow_Info_InOut,Allow_Info_Invoice,Allow_Info_Payment,Allow_Info_Resource,Allow_Info_Schedule,Allow_Info_Product,Allow_Info_Account,MaxQueryRecords,ConfirmQueryRecords,AmtApprovalAccum,DaysApprovalAccum,Description,Name,IsCanApproveOwnDoc,AD_Role_UU,PreferenceType,IsAccessAllOrgs,Updated,UpdatedBy,AD_Client_ID,Created,CreatedBy,AD_Org_ID,IsActive,IsMenuAutoExpand,IsManual,IsMasterRole,UserLevel) VALUES (303,1000049,0,'N','N','N','N','Y','Y','N','N','Y','Y','Y','Y','Y','Y','Y','Y','Y','Y',0,0,0,0,'Activity Master Data','ID_MST_DATA_ACT_A','N','88d40c80-d9f8-4e44-acdd-6678d780206d','O','N',TO_TIMESTAMP('2013-02-19 15:15:13','YYYY-MM-DD HH24:MI:SS'),100,1000001,TO_TIMESTAMP('2013-02-19 15:15:13','YYYY-MM-DD HH24:MI:SS'),100,0,'Y','N','Y','Y',' CO')
;

-- Feb 19, 2013 3:15:13 PM WIT
--  
INSERT INTO AD_User_Roles (AD_Role_ID,AD_User_Roles_UU,AD_Client_ID,UpdatedBy,AD_Org_ID,Created,Updated,IsActive,CreatedBy,AD_User_ID) VALUES (1000049,'02c7e111-412c-45a2-bf4b-40f1b049af6b',1000001,100,1000001,TO_TIMESTAMP('2013-02-19 15:15:13','YYYY-MM-DD HH24:MI:SS'),TO_TIMESTAMP('2013-02-19 15:15:13','YYYY-MM-DD HH24:MI:SS'),'Y',100,100)
;

-- Feb 19, 2013 3:15:25 PM WIT
--  
INSERT INTO AD_Window_Access (AD_Window_ID,AD_Role_ID,AD_Window_Access_UU,IsReadWrite,CreatedBy,Created,AD_Client_ID,AD_Org_ID,Updated,UpdatedBy,IsActive) VALUES (134,1000049,'c70714af-e411-4be5-8a9b-fcbaecd5ccf1','Y',100,TO_TIMESTAMP('2013-02-19 15:15:25','YYYY-MM-DD HH24:MI:SS'),1000001,0,TO_TIMESTAMP('2013-02-19 15:15:25','YYYY-MM-DD HH24:MI:SS'),100,'Y')
;

-- Feb 19, 2013 3:16:02 PM WIT
--  
INSERT INTO AD_Role (C_Currency_ID,AD_Role_ID,AmtApproval,IsPersonalLock,IsUseUserOrgAccess,IsPersonalAccess,IsShowAcct,IsCanReport,IsCanExport,IsChangeLog,OverwritePriceLimit,Allow_Info_Asset,Allow_Info_Order,Allow_Info_BPartner,Allow_Info_InOut,Allow_Info_Invoice,Allow_Info_Payment,Allow_Info_Resource,Allow_Info_Schedule,Allow_Info_Product,Allow_Info_Account,MaxQueryRecords,ConfirmQueryRecords,AmtApprovalAccum,DaysApprovalAccum,Description,Name,IsCanApproveOwnDoc,AD_Role_UU,PreferenceType,IsAccessAllOrgs,Updated,UpdatedBy,AD_Client_ID,Created,CreatedBy,AD_Org_ID,IsActive,IsMenuAutoExpand,IsManual,IsMasterRole,UserLevel) VALUES (303,1000050,0,'N','N','N','N','Y','Y','N','N','Y','Y','Y','Y','Y','Y','Y','Y','Y','Y',0,0,0,0,'Marketing Campaign Master Data','ID_MST_DATA_CAMP_A','N','f41be1d9-386c-407c-b36b-8a4c613c26bb','O','N',TO_TIMESTAMP('2013-02-19 15:16:02','YYYY-MM-DD HH24:MI:SS'),100,1000001,TO_TIMESTAMP('2013-02-19 15:16:02','YYYY-MM-DD HH24:MI:SS'),100,0,'Y','N','Y','Y',' CO')
;

-- Feb 19, 2013 3:16:02 PM WIT
--  
INSERT INTO AD_User_Roles (AD_Role_ID,AD_User_Roles_UU,AD_Client_ID,UpdatedBy,AD_Org_ID,Created,Updated,IsActive,CreatedBy,AD_User_ID) VALUES (1000050,'3396100f-3bd9-4a37-9a39-b21ebebb0f4b',1000001,100,1000001,TO_TIMESTAMP('2013-02-19 15:16:02','YYYY-MM-DD HH24:MI:SS'),TO_TIMESTAMP('2013-02-19 15:16:02','YYYY-MM-DD HH24:MI:SS'),'Y',100,100)
;

-- Feb 19, 2013 3:16:09 PM WIT
--  
INSERT INTO AD_Window_Access (AD_Window_ID,AD_Role_ID,AD_Window_Access_UU,IsReadWrite,CreatedBy,Created,AD_Client_ID,AD_Org_ID,Updated,UpdatedBy,IsActive) VALUES (149,1000050,'38d0d183-a2df-4017-aeaa-27c0cf031689','Y',100,TO_TIMESTAMP('2013-02-19 15:16:09','YYYY-MM-DD HH24:MI:SS'),1000001,0,TO_TIMESTAMP('2013-02-19 15:16:09','YYYY-MM-DD HH24:MI:SS'),100,'Y')
;

SELECT register_migration_script('201302191522-AWN-17-RoleIDMSTDATA_ACCT_FIN_ACT_CAMP.sql') FROM dual
;
