-- Jul 18, 2016 10:59:18 AM WIT
--  
INSERT INTO Z_WFScenario (Z_WFScenario_ID,AD_Org_ID,AD_Client_ID,C_DocType_ID,Created,CreatedBy,GrandTotal,IsActive,IsAssetProject,Line,Updated,UpdatedBy,Value,CopyFrom) VALUES (1000075,0,1000001,1000009,TO_TIMESTAMP('2016-07-18 10:59:18','YYYY-MM-DD HH24:MI:SS'),100,0,'Y','N',10.000000000000,TO_TIMESTAMP('2016-07-18 10:59:18','YYYY-MM-DD HH24:MI:SS'),100,'Cash Payment','N')
;

-- Jul 18, 2016 11:00:41 AM WIT
--  
INSERT INTO AD_Role (C_Currency_ID,AD_Role_ID,AmtApproval,IsPersonalLock,IsUseUserOrgAccess,IsPersonalAccess,IsShowAcct,IsCanReport,IsChangeLog,OverwritePriceLimit,Allow_Info_Asset,Allow_Info_Order,Allow_Info_BPartner,Allow_Info_InOut,Allow_Info_Invoice,Allow_Info_Payment,Allow_Info_Resource,Allow_Info_Schedule,Allow_Info_Product,Allow_Info_Account,MaxQueryRecords,ConfirmQueryRecords,AmtApprovalAccum,DaysApprovalAccum,Description,Name,IsCanApproveOwnDoc,AD_Role_UU,PreferenceType,IsAccessAllOrgs,Updated,IsActive,IsMenuAutoExpand,IsManual,IsMasterRole,UserLevel,IsCanExport,IsAccessAdvanced,AD_Client_ID,AD_Org_ID,Created,UpdatedBy,CreatedBy) VALUES (303,2000147,9999999999999.000000000000,'N','Y','N','N','Y','Y','N','Y','N','N','N','N','N','Y','N','N','N',0,0,9999999999999.000000000000,0,'Role approval for Finance Manager','W_App_FinMgr','N','1040caef-e1e2-4e68-84f5-1c8fca2a240f','O','N',TO_TIMESTAMP('2016-07-18 11:00:40','YYYY-MM-DD HH24:MI:SS'),'Y','N','Y','N',' CO','Y','N',1000001,0,TO_TIMESTAMP('2016-07-18 11:00:40','YYYY-MM-DD HH24:MI:SS'),100,100)
;

-- Jul 18, 2016 11:00:41 AM WIT
--  
INSERT INTO AD_User_Roles (AD_Role_ID,AD_User_Roles_UU,Updated,IsActive,AD_Client_ID,AD_Org_ID,AD_User_ID,Created,UpdatedBy,CreatedBy) VALUES (2000147,'72126f7c-d7c8-4f66-b8c1-cba2ed9288bf',TO_TIMESTAMP('2016-07-18 11:00:41','YYYY-MM-DD HH24:MI:SS'),'Y',1000001,0,100,TO_TIMESTAMP('2016-07-18 11:00:41','YYYY-MM-DD HH24:MI:SS'),100,100)
;

-- Jul 18, 2016 11:01:29 AM WIT
--  
INSERT INTO AD_Role (C_Currency_ID,AD_Role_ID,AmtApproval,IsPersonalLock,IsUseUserOrgAccess,IsPersonalAccess,IsShowAcct,IsCanReport,IsChangeLog,OverwritePriceLimit,Allow_Info_Asset,Allow_Info_Order,Allow_Info_BPartner,Allow_Info_InOut,Allow_Info_Invoice,Allow_Info_Payment,Allow_Info_Resource,Allow_Info_Schedule,Allow_Info_Product,Allow_Info_Account,MaxQueryRecords,ConfirmQueryRecords,AmtApprovalAccum,DaysApprovalAccum,Description,Name,IsCanApproveOwnDoc,AD_Role_UU,PreferenceType,IsAccessAllOrgs,Updated,IsActive,IsMenuAutoExpand,IsManual,IsMasterRole,UserLevel,IsCanExport,IsAccessAdvanced,AD_Client_ID,AD_Org_ID,Created,UpdatedBy,CreatedBy) VALUES (303,2000148,9999999999999.000000000000,'N','Y','N','N','Y','Y','N','Y','N','N','N','N','N','Y','N','N','N',0,0,9999999999999.000000000000,0,'Role approval for Finance Supervisor','W_App_FinSpv','N','1d0937d1-c238-438c-b0fd-6191b8d7b660','O','N',TO_TIMESTAMP('2016-07-18 11:01:29','YYYY-MM-DD HH24:MI:SS'),'Y','N','Y','N',' CO','Y','N',1000001,0,TO_TIMESTAMP('2016-07-18 11:01:29','YYYY-MM-DD HH24:MI:SS'),100,100)
;

-- Jul 18, 2016 11:01:29 AM WIT
--  
INSERT INTO AD_User_Roles (AD_Role_ID,AD_User_Roles_UU,Updated,IsActive,AD_Client_ID,AD_Org_ID,AD_User_ID,Created,UpdatedBy,CreatedBy) VALUES (2000148,'8bcc1ba2-88dd-4559-9d5e-6bf30679802d',TO_TIMESTAMP('2016-07-18 11:01:29','YYYY-MM-DD HH24:MI:SS'),'Y',1000001,0,100,TO_TIMESTAMP('2016-07-18 11:01:29','YYYY-MM-DD HH24:MI:SS'),100,100)
;

-- Jul 18, 2016 11:01:52 AM WIT
--  
INSERT INTO AD_Role (C_Currency_ID,AD_Role_ID,AmtApproval,IsPersonalLock,IsUseUserOrgAccess,IsPersonalAccess,IsShowAcct,IsCanReport,IsChangeLog,OverwritePriceLimit,Allow_Info_Asset,Allow_Info_Order,Allow_Info_BPartner,Allow_Info_InOut,Allow_Info_Invoice,Allow_Info_Payment,Allow_Info_Resource,Allow_Info_Schedule,Allow_Info_Product,Allow_Info_Account,MaxQueryRecords,ConfirmQueryRecords,AmtApprovalAccum,DaysApprovalAccum,Description,Name,IsCanApproveOwnDoc,AD_Role_UU,PreferenceType,IsAccessAllOrgs,Updated,IsActive,IsMenuAutoExpand,IsManual,IsMasterRole,UserLevel,IsCanExport,IsAccessAdvanced,AD_Client_ID,AD_Org_ID,Created,UpdatedBy,CreatedBy) VALUES (303,2000149,9999999999999.000000000000,'N','Y','N','N','Y','Y','N','Y','N','N','N','N','N','Y','N','N','N',0,0,9999999999999.000000000000,0,'Role approval for Cashier','W_App_Cashier','N','f6595729-24e8-4f0e-9d6f-f7e6bccf7bef','O','N',TO_TIMESTAMP('2016-07-18 11:01:51','YYYY-MM-DD HH24:MI:SS'),'Y','N','Y','N',' CO','Y','N',1000001,0,TO_TIMESTAMP('2016-07-18 11:01:51','YYYY-MM-DD HH24:MI:SS'),100,100)
;

-- Jul 18, 2016 11:01:52 AM WIT
--  
INSERT INTO AD_User_Roles (AD_Role_ID,AD_User_Roles_UU,Updated,IsActive,AD_Client_ID,AD_Org_ID,AD_User_ID,Created,UpdatedBy,CreatedBy) VALUES (2000149,'84b6a091-bb60-471e-b999-19067caa0622',TO_TIMESTAMP('2016-07-18 11:01:52','YYYY-MM-DD HH24:MI:SS'),'Y',1000001,0,100,TO_TIMESTAMP('2016-07-18 11:01:52','YYYY-MM-DD HH24:MI:SS'),100,100)
;

-- Jul 18, 2016 11:02:41 AM WIT
--  
INSERT INTO AD_WF_Responsible (AD_WF_Responsible_ID,ResponsibleType,EntityType,AD_WF_Responsible_UU,Name,IsActive,Updated,AD_Role_ID,AD_Org_ID,Created,UpdatedBy,CreatedBy,AD_Client_ID) VALUES (550205,'R','U','6e2ce671-33a4-4e07-bb16-748185d8df0e','W_App_FinMgr','Y',TO_TIMESTAMP('2016-07-18 11:02:41','YYYY-MM-DD HH24:MI:SS'),2000147,0,TO_TIMESTAMP('2016-07-18 11:02:41','YYYY-MM-DD HH24:MI:SS'),100,100,1000001)
;

-- Jul 18, 2016 11:02:55 AM WIT
--  
INSERT INTO AD_WF_Responsible (AD_WF_Responsible_ID,ResponsibleType,EntityType,AD_WF_Responsible_UU,Name,IsActive,Updated,AD_Role_ID,AD_Org_ID,Created,UpdatedBy,CreatedBy,AD_Client_ID) VALUES (550206,'R','U','461bb0aa-3786-4a14-95ae-8bdca641fa8f','W_App_FinSpv','Y',TO_TIMESTAMP('2016-07-18 11:02:55','YYYY-MM-DD HH24:MI:SS'),2000148,0,TO_TIMESTAMP('2016-07-18 11:02:55','YYYY-MM-DD HH24:MI:SS'),100,100,1000001)
;

-- Jul 18, 2016 11:03:07 AM WIT
--  
INSERT INTO AD_WF_Responsible (AD_WF_Responsible_ID,ResponsibleType,EntityType,AD_WF_Responsible_UU,Name,IsActive,Updated,AD_Role_ID,AD_Org_ID,Created,UpdatedBy,CreatedBy,AD_Client_ID) VALUES (550207,'R','U','a9febb2c-338f-4f23-ac6f-46f8266a1766','W_App_Cashier','Y',TO_TIMESTAMP('2016-07-18 11:03:07','YYYY-MM-DD HH24:MI:SS'),2000149,0,TO_TIMESTAMP('2016-07-18 11:03:07','YYYY-MM-DD HH24:MI:SS'),100,100,1000001)
;

-- Jul 18, 2016 11:03:54 AM WIT
--  
INSERT INTO Z_WFScenarioLine (Z_WFScenario_ID,CreatedBy,GrandTotal,AD_Org_ID,AD_WF_Responsible_ID,Created,IsActive,Line,UpdatedBy,Updated,Z_WFScenarioLine_ID,AD_Client_ID) VALUES (1000075,100,-1.000000000000,0,550205,TO_TIMESTAMP('2016-07-18 11:03:54','YYYY-MM-DD HH24:MI:SS'),'Y',0,100,TO_TIMESTAMP('2016-07-18 11:03:54','YYYY-MM-DD HH24:MI:SS'),1000107,1000001)
;

-- Jul 18, 2016 11:04:02 AM WIT
--  
INSERT INTO Z_WFScenarioLine (Z_WFScenario_ID,CreatedBy,GrandTotal,AD_Org_ID,AD_WF_Responsible_ID,Created,IsActive,Line,UpdatedBy,Updated,Z_WFScenarioLine_ID,AD_Client_ID,R_MailText_ID) VALUES (1000075,100,-1.000000000000,0,550201,TO_TIMESTAMP('2016-07-18 11:04:02','YYYY-MM-DD HH24:MI:SS'),'Y',10,100,TO_TIMESTAMP('2016-07-18 11:04:02','YYYY-MM-DD HH24:MI:SS'),1000108,1000001,1000000)
;

-- Jul 18, 2016 11:04:10 AM WIT
--  
INSERT INTO Z_WFScenarioLine (Z_WFScenario_ID,CreatedBy,GrandTotal,AD_Org_ID,AD_WF_Responsible_ID,Created,IsActive,Line,UpdatedBy,Updated,Z_WFScenarioLine_ID,AD_Client_ID,R_MailText_ID) VALUES (1000075,100,-1.000000000000,0,550207,TO_TIMESTAMP('2016-07-18 11:04:10','YYYY-MM-DD HH24:MI:SS'),'Y',20,100,TO_TIMESTAMP('2016-07-18 11:04:10','YYYY-MM-DD HH24:MI:SS'),1000109,1000001,1000000)
;

-- Jul 18, 2016 11:04:15 AM WIT
--  
UPDATE Z_WFScenarioLine SET R_MailText_ID=1000000,Updated=TO_TIMESTAMP('2016-07-18 11:04:15','YYYY-MM-DD HH24:MI:SS'),UpdatedBy=100 WHERE Z_WFScenarioLine_ID=1000107
;

-- Jul 18, 2016 11:04:37 AM WIT
--  
INSERT INTO Z_WFScenario (Z_WFScenario_ID,AD_Org_ID,AD_Client_ID,C_DocType_ID,Created,CreatedBy,GrandTotal,IsActive,IsAssetProject,Line,Updated,UpdatedBy,Value,CopyFrom) VALUES (1000076,0,1000001,550273,TO_TIMESTAMP('2016-07-18 11:04:37','YYYY-MM-DD HH24:MI:SS'),100,0,'Y','N',10.000000000000,TO_TIMESTAMP('2016-07-18 11:04:37','YYYY-MM-DD HH24:MI:SS'),100,'Bank Payment','N')
;

-- Jul 18, 2016 11:04:48 AM WIT
--  
INSERT INTO Z_WFScenarioLine (Z_WFScenario_ID,CreatedBy,GrandTotal,AD_Org_ID,AD_WF_Responsible_ID,Created,IsActive,Line,UpdatedBy,Updated,Z_WFScenarioLine_ID,AD_Client_ID,R_MailText_ID) VALUES (1000076,100,-1.000000000000,0,550205,TO_TIMESTAMP('2016-07-18 11:04:47','YYYY-MM-DD HH24:MI:SS'),'Y',0,100,TO_TIMESTAMP('2016-07-18 11:04:47','YYYY-MM-DD HH24:MI:SS'),1000110,1000001,1000000)
;

-- Jul 18, 2016 11:04:56 AM WIT
--  
INSERT INTO Z_WFScenarioLine (Z_WFScenario_ID,CreatedBy,GrandTotal,AD_Org_ID,AD_WF_Responsible_ID,Created,IsActive,Line,UpdatedBy,Updated,Z_WFScenarioLine_ID,AD_Client_ID,R_MailText_ID) VALUES (1000076,100,-1.000000000000,0,550201,TO_TIMESTAMP('2016-07-18 11:04:56','YYYY-MM-DD HH24:MI:SS'),'Y',10,100,TO_TIMESTAMP('2016-07-18 11:04:56','YYYY-MM-DD HH24:MI:SS'),1000111,1000001,1000000)
;

-- Jul 18, 2016 11:05:04 AM WIT
--  
INSERT INTO Z_WFScenarioLine (Z_WFScenario_ID,CreatedBy,GrandTotal,AD_Org_ID,AD_WF_Responsible_ID,Created,IsActive,Line,UpdatedBy,Updated,Z_WFScenarioLine_ID,AD_Client_ID,R_MailText_ID) VALUES (1000076,100,-1.000000000000,0,550206,TO_TIMESTAMP('2016-07-18 11:05:04','YYYY-MM-DD HH24:MI:SS'),'Y',20,100,TO_TIMESTAMP('2016-07-18 11:05:04','YYYY-MM-DD HH24:MI:SS'),1000112,1000001,1000000)
;

-- Jul 18, 2016 11:05:21 AM WIT
--  
INSERT INTO Z_WFScenario (Z_WFScenario_ID,AD_Org_ID,AD_Client_ID,C_DocType_ID,Created,CreatedBy,GrandTotal,IsActive,IsAssetProject,Line,Updated,UpdatedBy,Value,CopyFrom) VALUES (1000077,0,1000001,550274,TO_TIMESTAMP('2016-07-18 11:05:21','YYYY-MM-DD HH24:MI:SS'),100,0,'Y','N',10.000000000000,TO_TIMESTAMP('2016-07-18 11:05:21','YYYY-MM-DD HH24:MI:SS'),100,'Special Bank Payment','N')
;

-- Jul 18, 2016 11:05:31 AM WIT
--  
INSERT INTO Z_WFScenarioLine (Z_WFScenario_ID,CreatedBy,GrandTotal,AD_Org_ID,AD_WF_Responsible_ID,Created,IsActive,Line,UpdatedBy,Updated,Z_WFScenarioLine_ID,AD_Client_ID,R_MailText_ID) VALUES (1000077,100,-1.000000000000,0,550201,TO_TIMESTAMP('2016-07-18 11:05:31','YYYY-MM-DD HH24:MI:SS'),'Y',0,100,TO_TIMESTAMP('2016-07-18 11:05:31','YYYY-MM-DD HH24:MI:SS'),1000113,1000001,1000000)
;

-- Jul 18, 2016 11:05:40 AM WIT
--  
INSERT INTO Z_WFScenarioLine (Z_WFScenario_ID,CreatedBy,GrandTotal,AD_Org_ID,AD_WF_Responsible_ID,Created,IsActive,Line,UpdatedBy,Updated,Z_WFScenarioLine_ID,AD_Client_ID,R_MailText_ID) VALUES (1000077,100,-1.000000000000,0,550205,TO_TIMESTAMP('2016-07-18 11:05:40','YYYY-MM-DD HH24:MI:SS'),'Y',10,100,TO_TIMESTAMP('2016-07-18 11:05:40','YYYY-MM-DD HH24:MI:SS'),1000114,1000001,1000000)
;

SELECT register_migration_script('201607181107-SAS-132-add_role_and_wfscenario.sql') FROM dual
;
